0,B
1,B
2,A
3,C
4,B
5,C
6,B
7,C
8,B
9,A
10,B
11,B
12,B
13,C
14,B
15,B
16,C
17,B
18,C
19,B
20,B
21,C
22,A
23,B
24,B
25,C
26,A
27,A
28,B
29,B
30,B
31,C
32,C
33,C
34,A
35,B
36,A
37,C
38,C
39,B
40,A
41,C
42,C
43,A
44,C
45,C
46,C
47,A
48,A
49,B
50,A
51,B
52,C
53,B
54,C
55,C
56,B
57,B
58,A
59,A
60,C
61,B
62,B
63,A
64,B
65,B
66,C
67,C
68,B
69,A
70,A
71,C
72,B
73,A
74,B
75,B
76,C
77,A
78,C
79,B
80,B
81,B
82,A
83,A
84,A
85,C
86,B
87,C
88,C
89,C
90,A
91,C
92,B
93,C
94,B
95,C
96,A
97,A
98,A
99,A
100,A
101,B
102,A
103,A
104,C
105,C
106,C
107,A
108,A
109,A
110,C
111,C
112,B
113,C
114,C
115,A
116,C
117,A
118,C
119,B
120,C
121,B
122,C
123,A
124,A
125,B
126,C
127,C
128,C
129,B
130,A
131,B
132,C
133,B
134,A
135,C
136,C
137,B
138,C
139,A
140,A
141,C
142,C
143,A
144,C
145,B
146,A
147,B
148,C
149,B
150,A
151,C
152,A
153,C
154,B
155,A
156,A
157,B
158,B
159,B
160,A
161,C
162,B
163,C
164,B
165,A
166,B
167,B
168,C
169,B
170,B
171,C
172,C
173,B
174,B
175,B
176,C
177,A
178,B
179,B
180,A
181,B
182,C
183,A
184,A
185,C
186,C
187,A
188,C
189,C
190,C
191,A
192,A
193,A
194,B
195,B
196,C
197,C
198,A
199,A
200,A
201,C
202,C
203,B
204,B
205,A
206,C
207,A
208,A
209,B
210,B
211,A
212,C
213,B
214,B
215,A
216,A
217,A
218,C
219,B
220,B
221,B
222,A
223,A
224,C
225,B
226,B
227,C
228,B
229,B
230,A
231,B
232,B
233,C
234,C
235,A
236,B
237,A
238,A
239,C
240,C
241,C
242,C
243,B
244,B
245,C
246,A
247,C
248,A
249,A
250,C
251,B
252,C
253,C
254,A
255,A
256,C
257,C
258,C
259,C
260,C
261,A
262,A
263,A
264,A
265,A
266,A
267,A
268,B
269,A
270,C
271,A
272,A
273,C
274,A
275,C
276,A
277,C
278,A
279,A
280,A
281,C
282,B
283,C
284,B
285,C
286,B
287,B
288,C
289,C
290,B
291,B
292,B
293,C
294,A
295,C
296,B
297,A
298,A
299,A
300,C
301,C
302,B
303,B
304,C
305,C
306,C
307,C
308,C
309,C
310,B
311,C
312,B
313,C
314,C
315,B
316,C
317,B
318,A
319,C
320,B
321,A
322,B
323,C
324,C
325,C
326,B
327,C
328,A
329,A
330,A
331,B
332,B
333,B
334,B
335,B
336,C
337,B
338,A
339,B
340,A
341,C
342,C
343,C
344,A
345,A
346,B
347,B
348,B
349,A
350,C
351,A
352,B
353,C
354,C
355,C
356,A
357,C
358,C
359,A
360,C
361,C
362,C
363,C
364,B
365,A
366,C
367,A
368,A
369,A
370,C
371,B
372,C
373,C
374,B
375,C
376,C
377,C
378,A
379,C
380,B
381,A
382,B
383,A
384,B
385,B
386,B
387,C
388,B
389,B
390,A
391,C
392,B
393,B
394,A
395,A
396,A
397,A
398,C
399,A
400,A
401,A
402,B
403,C
404,C
405,C
406,A
407,B
408,A
409,A
410,A
411,A
412,B
413,B
414,B
415,B
416,B
417,C
418,C
419,C
420,C
421,A
422,C
423,C
424,C
425,B
426,A
427,B
428,C
429,A
430,B
431,A
432,C
433,B
434,B
435,B
436,C
437,C
438,A
439,B
440,A
441,B
442,A
443,B
444,B
445,A
446,C
447,B
448,B
449,C
450,B
451,A
452,B
453,C
454,B
455,B
456,B
457,A
458,B
459,B
460,C
461,C
462,C
463,B
464,C
465,A
466,A
467,B
468,B
469,C
470,A
471,B
472,A
473,A
474,B
475,A
476,A
477,C
478,B
479,C
480,C
481,A
482,A
483,B
484,C
485,C
486,B
487,A
488,B
489,A
490,B
491,B
492,A
493,A
494,C
495,A
496,C
497,C
498,B
499,C
500,A
501,C
502,B
503,C
504,C
505,C
506,A
507,B
508,C
509,C
510,C
511,B
512,C
513,C
514,A
515,C
516,A
517,A
518,A
519,A
520,A
521,C
522,B
523,C
524,A
525,C
526,B
527,A
528,B
529,C
530,C
531,A
532,A
533,C
534,B
535,A
536,B
537,C
538,A
539,C
540,A
541,A
542,A
543,C
544,C
545,A
546,B
547,C
548,C
549,B
550,C
551,A
552,C
553,C
554,C
555,A
556,B
557,A
558,B
559,B
560,C
561,A
562,B
563,A
564,A
565,A
566,C
567,A
568,B
569,A
570,C
571,C
572,A
573,A
574,B
575,A
576,B
577,A
578,A
579,B
580,B
581,B
582,A
583,A
584,B
585,A
586,B
587,A
588,A
589,C
590,A
591,A
592,A
593,B
594,B
595,A
596,B
597,B
598,B
599,B
600,B
601,B
602,A
603,A
604,B
605,A
606,A
607,C
608,B
609,B
610,C
611,A
612,B
613,C
614,C
615,B
616,C
617,C
618,A
619,C
620,A
621,A
622,C
623,A
624,B
625,B
626,B
627,A
628,C
629,A
630,A
631,A
632,A
633,A
634,B
635,C
636,B
637,B
638,B
639,B
640,A
641,B
642,B
643,B
644,B
645,A
646,C
647,B
648,C
649,A
650,A
651,B
652,C
653,A
654,C
655,A
656,C
657,B
658,B
659,A
660,C
661,C
662,A
663,A
664,C
665,A
666,C
667,A
668,A
669,A
670,C
671,C
672,C
673,A
674,C
675,B
676,B
677,B
678,A
679,B
680,C
681,C
682,A
683,A
684,B
685,C
686,A
687,C
688,C
689,B
690,B
691,B
692,C
693,B
694,C
695,C
696,B
697,C
698,C
699,B
700,C
701,A
702,C
703,B
704,A
705,C
706,B
707,B
708,A
709,A
710,A
711,C
712,A
713,A
714,B
715,A
716,C
717,A
718,C
719,C
720,B
721,A
722,A
723,B
724,C
725,A
726,A
727,A
728,B
729,C
730,C
731,A
732,A
733,B
734,C
735,A
736,B
737,A
738,A
739,C
740,C
741,A
742,A
743,B
744,A
745,A
746,B
747,C
748,A
749,C
750,B
751,B
752,B
753,B
754,B
755,A
756,C
757,C
758,C
759,A
760,B
761,A
762,B
763,B
764,C
765,A
766,A
767,C
768,C
769,A
770,B
771,B
772,C
773,C
774,A
775,B
776,A
777,C
778,C
779,B
780,A
781,B
782,C
783,C
784,A
785,C
786,A
787,C
788,C
789,C
790,A
791,B
792,B
793,B
794,A
795,A
796,A
797,B
798,B
799,C
800,A
801,B
802,C
803,C
804,B
805,B
806,C
807,B
808,C
809,B
810,A
811,A
812,A
813,B
814,C
815,C
816,C
817,B
818,B
819,B
820,C
821,A
822,A
823,A
824,B
825,C
826,C
827,A
828,B
829,A
830,B
831,C
832,C
833,A
834,A
835,B
836,C
837,C
838,C
839,C
840,A
841,A
842,C
843,B
844,B
845,A
846,B
847,C
848,C
849,C
850,A
851,C
852,C
853,C
854,A
855,A
856,A
857,A
858,C
859,B
860,B
861,B
862,C
863,A
864,B
865,C
866,B
867,A
868,A
869,C
870,A
871,A
872,C
873,C
874,B
875,C
876,B
877,B
878,C
879,C
880,B
881,A
882,C
883,C
884,C
885,A
886,B
887,A
888,A
889,B
890,B
891,A
892,B
893,B
894,C
895,B
896,B
897,C
898,B
899,C
900,C
901,C
902,B
903,C
904,C
905,A
906,C
907,C
908,B
909,A
910,B
911,C
912,B
913,C
914,B
915,C
916,B
917,B
918,C
919,B
920,B
921,C
922,A
923,C
924,A
925,B
926,A
927,C
928,A
929,C
930,C
931,B
932,C
933,B
934,A
935,A
936,C
937,C
938,C
939,A
940,C
941,A
942,A
943,C
944,C
945,A
946,A
947,C
948,B
949,C
950,B
951,A
952,A
953,C
954,B
955,C
956,C
957,C
958,C
959,C
960,C
961,C
962,A
963,A
964,A
965,B
966,C
967,B
968,A
969,C
970,B
971,C
972,A
973,B
974,A
975,C
976,A
977,C
978,B
979,A
980,C
981,C
982,C
983,A
984,A
985,C
986,C
987,B
988,A
989,A
990,C
991,A
992,B
993,B
994,C
995,A
996,B
997,A
998,A
999,B
1000,A
1001,B
1002,A
1003,B
1004,A
1005,A
1006,C
1007,B
1008,A
1009,A
1010,B
1011,B
1012,C
1013,C
1014,C
1015,A
1016,A
1017,B
1018,A
1019,A
1020,C
1021,B
1022,A
1023,B
1024,A
1025,A
1026,C
1027,A
1028,C
1029,A
1030,B
1031,A
1032,A
1033,B
1034,B
1035,B
1036,C
1037,B
1038,B
1039,C
1040,B
1041,C
1042,B
1043,B
1044,A
1045,C
1046,C
1047,A
1048,C
1049,A
1050,A
1051,B
1052,C
1053,B
1054,C
1055,C
1056,C
1057,B
1058,C
1059,C
1060,B
1061,C
1062,A
1063,B
1064,C
1065,B
1066,A
1067,B
1068,B
1069,C
1070,C
1071,C
1072,A
1073,B
1074,B
1075,A
1076,C
1077,B
1078,C
1079,B
1080,C
1081,B
1082,C
1083,B
1084,B
1085,A
1086,B
1087,B
1088,B
1089,C
1090,A
1091,A
1092,A
1093,C
1094,C
1095,C
1096,C
1097,A
1098,C
1099,B
1100,C
1101,B
1102,C
1103,C
1104,B
1105,A
1106,A
1107,A
1108,A
1109,A
1110,C
1111,B
1112,C
1113,A
1114,A
1115,C
1116,B
1117,C
1118,B
1119,B
1120,C
1121,B
1122,C
1123,C
1124,A
1125,A
1126,A
1127,A
1128,C
1129,C
1130,A
1131,C
1132,B
1133,B
1134,B
1135,A
1136,C
1137,C
1138,A
1139,A
1140,B
1141,B
1142,C
1143,A
1144,B
1145,A
1146,A
1147,B
1148,A
1149,C
1150,A
1151,B
1152,C
1153,B
1154,C
1155,B
1156,A
1157,C
1158,B
1159,B
1160,B
1161,B
1162,B
1163,A
1164,A
1165,A
1166,B
1167,C
1168,B
1169,C
1170,A
1171,A
1172,B
1173,C
1174,A
1175,A
1176,C
1177,C
1178,A
1179,A
1180,C
1181,B
1182,B
1183,A
1184,B
1185,A
1186,C
1187,B
1188,C
1189,A
1190,B
1191,A
1192,A
1193,B
1194,B
1195,B
1196,A
1197,C
1198,A
1199,A
1200,C
1201,C
1202,A
1203,A
1204,B
1205,A
1206,A
1207,A
1208,A
1209,B
1210,B
1211,B
1212,C
1213,B
1214,B
1215,C
1216,C
1217,B
1218,A
1219,C
1220,A
1221,B
1222,A
1223,C
1224,C
1225,C
1226,C
1227,C
1228,A
1229,A
1230,B
1231,B
1232,B
1233,A
1234,A
1235,A
1236,C
1237,C
1238,C
1239,C
1240,A
1241,C
1242,B
1243,C
1244,B
1245,B
1246,A
1247,C
1248,C
1249,C
1250,B
1251,B
1252,A
1253,A
1254,B
1255,B
1256,B
1257,C
1258,A
1259,C
1260,A
1261,B
1262,B
1263,A
1264,C
1265,A
1266,C
1267,C
1268,A
1269,B
1270,C
1271,C
1272,C
1273,C
1274,B
1275,A
1276,C
1277,C
1278,B
1279,B
1280,A
1281,A
1282,C
1283,C
1284,A
1285,C
1286,C
1287,A
1288,C
1289,A
1290,A
1291,B
1292,A
1293,C
1294,A
1295,B
1296,B
1297,A
1298,C
1299,A
1300,A
1301,A
1302,C
1303,B
1304,B
1305,A
1306,A
1307,C
1308,C
1309,B
1310,B
1311,C
1312,C
1313,C
1314,A
1315,A
1316,A
1317,C
1318,B
1319,C
1320,A
1321,A
1322,C
1323,B
1324,B
1325,B
1326,B
1327,C
1328,C
1329,C
1330,A
1331,A
1332,A
1333,B
1334,C
1335,C
1336,A
1337,A
1338,C
1339,A
1340,C
1341,B
1342,B
1343,C
1344,C
1345,C
1346,A
1347,B
1348,C
1349,C
1350,B
1351,B
1352,B
1353,A
1354,A
1355,C
1356,B
1357,A
1358,C
1359,B
1360,C
1361,C
1362,A
1363,B
1364,C
1365,C
1366,A
1367,B
1368,C
1369,A
1370,B
1371,C
1372,C
1373,B
1374,A
1375,A
1376,C
1377,B
1378,C
1379,A
1380,A
1381,C
1382,B
1383,A
1384,C
1385,A
1386,B
1387,A
1388,A
1389,B
1390,B
1391,C
1392,A
1393,B
1394,B
1395,A
1396,A
1397,C
1398,A
1399,B
1400,C
1401,C
1402,A
1403,A
1404,A
1405,A
1406,B
1407,A
1408,A
1409,A
1410,C
1411,A
1412,B
1413,C
1414,B
1415,C
1416,C
1417,C
1418,C
1419,B
1420,C
1421,B
1422,B
1423,C
1424,C
1425,C
1426,A
1427,C
1428,A
1429,A
1430,C
1431,C
1432,A
1433,B
1434,A
1435,B
1436,B
1437,A
1438,A
1439,A
1440,A
1441,A
1442,C
1443,A
1444,A
1445,B
1446,A
1447,B
1448,B
1449,C
1450,B
1451,B
1452,B
1453,A
1454,C
1455,A
1456,C
1457,B
1458,C
1459,C
1460,A
1461,A
1462,C
1463,A
1464,A
1465,B
1466,B
1467,C
1468,A
1469,C
1470,C
1471,C
1472,C
1473,A
1474,C
1475,A
1476,C
1477,C
1478,A
1479,C
1480,B
1481,A
1482,A
1483,C
1484,A
1485,C
1486,C
1487,B
1488,A
1489,A
1490,B
1491,A
1492,A
1493,C
1494,B
1495,A
1496,B
1497,A
1498,A
1499,C
1500,B
1501,B
1502,A
1503,C
1504,C
1505,C
1506,C
1507,C
1508,B
1509,A
1510,C
1511,A
1512,A
1513,A
1514,C
1515,C
1516,A
1517,B
1518,C
1519,A
1520,C
1521,A
1522,B
1523,C
1524,A
1525,A
1526,B
1527,A
1528,C
1529,A
1530,C
1531,B
1532,B
1533,C
1534,C
1535,C
1536,B
1537,B
1538,A
1539,B
1540,C
1541,A
1542,A
1543,A
1544,B
1545,B
1546,B
1547,C
1548,C
1549,C
1550,C
1551,B
1552,C
1553,C
1554,B
1555,B
1556,C
1557,B
1558,A
1559,B
1560,C
1561,C
1562,B
1563,C
1564,B
1565,C
1566,A
1567,A
1568,A
1569,B
1570,C
1571,C
1572,B
1573,A
1574,A
1575,B
1576,A
1577,B
1578,A
1579,B
1580,C
1581,A
1582,A
1583,B
1584,B
1585,B
1586,B
1587,A
1588,B
1589,A
1590,C
1591,C
1592,B
1593,C
1594,B
1595,A
1596,A
1597,A
1598,B
1599,B
1600,C
1601,B
1602,C
1603,B
1604,A
1605,A
1606,B
1607,B
1608,B
1609,B
1610,B
1611,C
1612,C
1613,B
1614,A
1615,B
1616,B
1617,C
1618,C
1619,A
1620,B
1621,B
1622,B
1623,A
1624,B
1625,C
1626,C
1627,B
1628,B
1629,B
1630,C
1631,C
1632,B
1633,C
1634,C
1635,C
1636,B
1637,C
1638,A
1639,B
1640,A
1641,B
1642,A
1643,C
1644,A
1645,B
1646,A
1647,C
1648,A
1649,B
1650,C
1651,A
1652,C
1653,A
1654,A
1655,C
1656,C
1657,B
1658,B
1659,C
1660,B
1661,C
1662,A
1663,B
1664,C
1665,C
1666,A
1667,C
1668,C
1669,A
1670,A
1671,C
1672,A
1673,C
1674,B
1675,C
1676,A
1677,C
1678,A
1679,B
1680,C
1681,C
1682,C
1683,B
1684,A
1685,C
1686,B
1687,A
1688,B
1689,C
1690,B
1691,B
1692,C
1693,C
1694,B
1695,C
1696,A
1697,A
1698,A
1699,C
1700,A
1701,A
1702,B
1703,B
1704,A
1705,A
1706,A
1707,A
1708,A
1709,B
1710,C
1711,B
1712,C
1713,C
1714,B
1715,A
1716,A
1717,A
1718,C
1719,A
1720,C
1721,B
1722,B
1723,B
1724,C
1725,B
1726,B
1727,B
1728,B
1729,B
1730,A
1731,A
1732,C
1733,A
1734,B
1735,B
1736,A
1737,C
1738,A
1739,B
1740,C
1741,C
1742,B
1743,A
1744,C
1745,A
1746,A
1747,B
1748,A
1749,C
1750,B
1751,B
1752,A
1753,A
1754,B
1755,A
1756,C
1757,C
1758,B
1759,B
1760,B
1761,C
1762,B
1763,C
1764,B
1765,B
1766,B
1767,C
1768,C
1769,B
1770,B
1771,A
1772,A
1773,C
1774,B
1775,B
1776,C
1777,C
1778,C
1779,B
1780,A
1781,A
1782,C
1783,B
1784,A
1785,B
1786,C
1787,C
1788,C
1789,C
1790,B
1791,A
1792,C
1793,B
1794,B
1795,A
1796,B
1797,A
1798,B
1799,B
1800,C
1801,C
1802,B
1803,A
1804,A
1805,B
1806,C
1807,A
1808,B
1809,B
1810,B
1811,A
1812,B
1813,B
1814,A
1815,C
1816,A
1817,C
1818,C
1819,C
1820,B
1821,B
1822,A
1823,B
1824,A
1825,B
1826,C
1827,B
1828,C
1829,B
1830,C
1831,B
1832,B
1833,A
1834,A
1835,A
1836,B
1837,B
1838,B
1839,B
1840,C
1841,A
1842,C
1843,C
1844,A
1845,C
1846,A
1847,A
1848,A
1849,C
1850,C
1851,B
1852,B
1853,B
1854,C
1855,B
1856,C
1857,C
1858,A
1859,A
1860,B
1861,C
1862,A
1863,C
1864,B
1865,A
1866,A
1867,A
1868,A
1869,A
1870,C
1871,B
1872,B
1873,B
1874,A
1875,A
1876,B
1877,A
1878,C
1879,A
1880,C
1881,B
1882,C
1883,B
1884,C
1885,A
1886,B
1887,B
1888,B
1889,C
1890,C
1891,B
1892,B
1893,C
1894,C
1895,B
1896,C
1897,B
1898,B
1899,C
1900,B
1901,A
1902,B
1903,C
1904,A
1905,C
1906,A
1907,B
1908,C
1909,A
1910,C
1911,C
1912,C
1913,C
1914,A
1915,C
1916,A
1917,B
1918,B
1919,B
1920,C
1921,B
1922,B
1923,C
1924,B
1925,C
1926,B
1927,C
1928,B
1929,B
1930,B
1931,C
1932,C
1933,C
1934,B
1935,B
1936,C
1937,B
1938,A
1939,A
1940,B
1941,C
1942,A
1943,B
1944,A
1945,C
1946,A
1947,C
1948,B
1949,A
1950,C
1951,A
1952,C
1953,C
1954,B
1955,B
1956,B
1957,A
1958,A
1959,B
1960,B
1961,B
1962,A
1963,B
1964,C
1965,C
1966,A
1967,C
1968,C
1969,B
1970,C
1971,B
1972,A
1973,B
1974,A
1975,B
1976,C
1977,A
1978,A
1979,A
1980,A
1981,A
1982,A
1983,B
1984,A
1985,C
1986,C
1987,A
1988,C
1989,B
1990,C
1991,B
1992,A
1993,B
1994,C
1995,C
1996,C
1997,C
1998,A
1999,B
2000,C
2001,A
2002,A
2003,C
2004,C
2005,B
2006,B
2007,C
2008,B
2009,B
2010,B
2011,A
2012,C
2013,C
2014,B
2015,A
2016,C
2017,B
2018,C
2019,A
2020,C
2021,C
2022,C
2023,A
2024,C
2025,B
2026,A
2027,B
2028,C
2029,B
2030,B
2031,B
2032,A
2033,A
2034,A
2035,A
2036,C
2037,C
2038,B
2039,C
2040,A
2041,C
2042,B
2043,C
2044,B
2045,A
2046,A
2047,A
2048,A
2049,C
2050,C
2051,A
2052,C
2053,B
2054,A
2055,C
2056,C
2057,B
2058,A
2059,B
2060,A
2061,C
2062,C
2063,A
2064,A
2065,B
2066,C
2067,A
2068,C
2069,B
2070,B
2071,A
2072,B
2073,A
2074,A
2075,A
2076,B
2077,A
2078,B
2079,C
2080,C
2081,B
2082,A
2083,B
2084,B
2085,A
2086,C
2087,A
2088,B
2089,A
2090,B
2091,A
2092,A
2093,C
2094,C
2095,A
2096,B
2097,A
2098,B
2099,B
2100,B
2101,B
2102,B
2103,A
2104,A
2105,B
2106,B
2107,B
2108,A
2109,A
2110,A
2111,C
2112,C
2113,B
2114,A
2115,B
2116,A
2117,A
2118,A
2119,A
2120,A
2121,A
2122,B
2123,C
2124,A
2125,B
2126,C
2127,B
2128,A
2129,A
2130,A
2131,C
2132,B
2133,C
2134,B
2135,B
2136,B
2137,C
2138,A
2139,B
2140,B
2141,B
2142,B
2143,C
2144,B
2145,A
2146,C
2147,C
2148,B
2149,C
2150,A
2151,A
2152,A
2153,A
2154,C
2155,A
2156,B
2157,B
2158,A
2159,B
2160,C
2161,A
2162,A
2163,B
2164,A
2165,C
2166,A
2167,B
2168,A
2169,B
2170,A
2171,B
2172,C
2173,C
2174,A
2175,A
2176,B
2177,A
2178,B
2179,C
2180,B
2181,B
2182,C
2183,A
2184,B
2185,C
2186,B
2187,B
2188,A
2189,B
2190,C
2191,B
2192,C
2193,B
2194,C
2195,C
2196,C
2197,C
2198,C
2199,B
2200,B
2201,B
2202,B
2203,B
2204,A
2205,C
2206,A
2207,C
2208,A
2209,A
2210,B
2211,C
2212,B
2213,A
2214,A
2215,A
2216,C
2217,A
2218,C
2219,A
2220,B
2221,A
2222,A
2223,B
2224,C
2225,C
2226,C
2227,B
2228,C
2229,B
2230,A
2231,B
2232,A
2233,C
2234,C
2235,B
2236,A
2237,A
2238,B
2239,B
2240,B
2241,C
2242,C
2243,A
2244,B
2245,A
2246,B
2247,C
2248,C
2249,C
2250,A
2251,A
2252,C
2253,A
2254,B
2255,C
2256,B
2257,A
2258,A
2259,A
2260,B
2261,B
2262,B
2263,A
2264,A
2265,B
2266,A
2267,B
2268,A
2269,C
2270,C
2271,A
2272,B
2273,B
2274,C
2275,A
2276,B
2277,C
2278,A
2279,C
2280,C
2281,C
2282,C
2283,A
2284,B
2285,C
2286,C
2287,B
2288,A
2289,A
2290,C
2291,C
2292,C
2293,A
2294,A
2295,B
2296,C
2297,C
2298,C
2299,A
2300,A
2301,B
2302,C
2303,B
2304,B
2305,B
2306,C
2307,B
2308,B
2309,B
2310,A
2311,A
2312,C
2313,B
2314,B
2315,A
2316,A
2317,C
2318,A
2319,C
2320,C
2321,C
2322,B
2323,B
2324,A
2325,C
2326,B
2327,A
2328,C
2329,C
2330,A
2331,A
2332,C
2333,C
2334,A
2335,A
2336,C
2337,B
2338,B
2339,C
2340,C
2341,B
2342,A
2343,B
2344,A
2345,C
2346,C
2347,A
2348,C
2349,B
2350,B
2351,C
2352,C
2353,C
2354,A
2355,A
2356,B
2357,A
2358,C
2359,A
2360,B
2361,B
2362,A
2363,B
2364,C
2365,A
2366,B
2367,A
2368,B
2369,B
2370,A
2371,A
2372,B
2373,C
2374,A
2375,A
2376,A
2377,A
2378,A
2379,A
2380,C
2381,B
2382,B
2383,C
2384,B
2385,B
2386,A
2387,B
2388,A
2389,B
2390,C
2391,A
2392,C
2393,C
2394,B
2395,B
2396,B
2397,C
2398,A
2399,B
2400,B
2401,A
2402,B
2403,B
2404,C
2405,C
2406,B
2407,B
2408,B
2409,A
2410,B
2411,A
2412,A
2413,B
2414,A
2415,B
2416,C
2417,B
2418,C
2419,A
2420,A
2421,B
2422,C
2423,B
2424,B
2425,A
2426,C
2427,C
2428,A
2429,A
2430,B
2431,B
2432,B
2433,A
2434,B
2435,C
2436,A
2437,B
2438,B
2439,B
2440,C
2441,C
2442,C
2443,C
2444,C
2445,B
2446,C
2447,B
2448,A
2449,B
2450,C
2451,C
2452,C
2453,A
2454,B
2455,C
2456,C
2457,A
2458,C
2459,A
2460,A
2461,A
2462,B
2463,A
2464,A
2465,C
2466,B
2467,A
2468,A
2469,C
2470,C
2471,A
2472,C
2473,B
2474,C
2475,C
2476,C
2477,B
2478,C
2479,C
2480,A
2481,B
2482,A
2483,C
2484,C
2485,B
2486,A
2487,A
2488,C
2489,B
2490,B
2491,C
2492,B
2493,C
2494,A
2495,A
2496,A
2497,B
2498,B
2499,C
2500,C
2501,A
2502,B
2503,C
2504,A
2505,B
2506,B
2507,A
2508,B
2509,A
2510,C
2511,B
2512,B
2513,A
2514,B
2515,C
2516,C
2517,B
2518,B
2519,A
2520,A
2521,B
2522,C
2523,C
2524,B
2525,C
2526,B
2527,B
2528,C
2529,B
2530,C
2531,A
2532,B
2533,A
2534,C
2535,C
2536,C
2537,B
2538,C
2539,B
2540,C
2541,C
2542,A
2543,C
2544,C
2545,B
2546,C
2547,B
2548,B
2549,B
2550,B
2551,B
2552,A
2553,A
2554,C
2555,A
2556,A
2557,C
2558,A
2559,B
2560,B
2561,C
2562,C
2563,B
2564,B
2565,C
2566,A
2567,C
2568,B
2569,C
2570,C
2571,C
2572,A
2573,B
2574,A
2575,C
2576,B
2577,C
2578,B
2579,B
2580,B
2581,B
2582,C
2583,B
2584,B
2585,A
2586,B
2587,B
2588,A
2589,A
2590,A
2591,C
2592,A
2593,B
2594,C
2595,C
2596,C
2597,C
2598,A
2599,C
2600,A
2601,B
2602,A
2603,C
2604,B
2605,B
2606,B
2607,B
2608,A
2609,C
2610,B
2611,C
2612,B
2613,A
2614,A
2615,C
2616,B
2617,B
2618,C
2619,A
2620,B
2621,C
2622,C
2623,B
2624,C
2625,B
2626,C
2627,C
2628,B
2629,C
2630,C
2631,B
2632,B
2633,B
2634,B
2635,A
2636,B
2637,B
2638,A
2639,C
2640,B
2641,A
2642,A
2643,C
2644,A
2645,B
2646,C
2647,C
2648,C
2649,A
2650,B
2651,A
2652,B
2653,B
2654,C
2655,A
2656,B
2657,C
2658,C
2659,A
2660,C
2661,B
2662,C
2663,B
2664,C
2665,C
2666,C
2667,C
2668,B
2669,C
2670,B
2671,A
2672,A
2673,C
2674,A
2675,C
2676,A
2677,A
2678,C
2679,B
2680,C
2681,A
2682,A
2683,B
2684,A
2685,B
2686,B
2687,B
2688,B
2689,B
2690,B
2691,B
2692,B
2693,B
2694,C
2695,B
2696,A
2697,C
2698,A
2699,C
2700,C
2701,B
2702,A
2703,C
2704,A
2705,A
2706,B
2707,C
2708,A
2709,B
2710,A
2711,B
2712,B
2713,C
2714,A
2715,C
2716,C
2717,A
2718,A
2719,A
2720,C
2721,B
2722,A
2723,C
2724,A
2725,C
2726,B
2727,B
2728,C
2729,B
2730,C
2731,A
2732,C
2733,C
2734,A
2735,C
2736,C
2737,A
2738,A
2739,B
2740,B
2741,C
2742,C
2743,A
2744,C
2745,B
2746,A
2747,C
2748,A
2749,A
2750,C
2751,B
2752,B
2753,B
2754,C
2755,B
2756,A
2757,A
2758,A
2759,C
2760,C
2761,A
2762,C
2763,A
2764,C
2765,C
2766,A
2767,C
2768,C
2769,C
2770,C
2771,C
2772,B
2773,A
2774,C
2775,B
2776,C
2777,C
2778,B
2779,C
2780,C
2781,B
2782,C
2783,A
2784,B
2785,B
2786,C
2787,B
2788,C
2789,C
2790,C
2791,B
2792,C
2793,C
2794,A
2795,B
2796,B
2797,A
2798,C
2799,C
2800,B
2801,C
2802,C
2803,B
2804,B
2805,A
2806,C
2807,C
2808,A
2809,C
2810,C
2811,A
2812,A
2813,C
2814,A
2815,C
2816,B
2817,A
2818,C
2819,B
2820,B
2821,C
2822,C
2823,C
2824,C
2825,C
2826,C
2827,C
2828,C
2829,C
2830,C
2831,A
2832,B
2833,A
2834,B
2835,B
2836,A
2837,B
2838,B
2839,B
2840,C
2841,B
2842,B
2843,B
2844,C
2845,B
2846,A
2847,B
2848,C
2849,A
2850,A
2851,A
2852,C
2853,C
2854,C
2855,B
2856,C
2857,C
2858,C
2859,B
2860,A
2861,B
2862,B
2863,C
2864,B
2865,B
2866,B
2867,C
2868,A
2869,A
2870,B
2871,B
2872,A
2873,B
2874,C
2875,B
2876,A
2877,B
2878,C
2879,B
2880,A
2881,A
2882,B
2883,C
2884,B
2885,A
2886,B
2887,C
2888,B
2889,C
2890,B
2891,A
2892,C
2893,B
2894,A
2895,C
2896,A
2897,C
2898,B
2899,B
2900,C
2901,B
2902,B
2903,A
2904,A
2905,C
2906,A
2907,C
2908,C
2909,C
2910,C
2911,C
2912,C
2913,A
2914,A
2915,C
2916,A
2917,C
2918,C
2919,B
2920,A
2921,C
2922,C
2923,B
2924,B
2925,C
2926,A
2927,A
2928,C
2929,C
2930,B
2931,A
2932,C
2933,B
2934,C
2935,A
2936,A
2937,A
2938,C
2939,A
2940,A
2941,B
2942,A
2943,A
2944,B
2945,B
2946,B
2947,C
2948,A
2949,C
2950,A
2951,A
2952,A
2953,C
2954,B
2955,A
2956,C
2957,C
2958,B
2959,A
2960,B
2961,C
2962,B
2963,B
2964,B
2965,B
2966,B
2967,A
2968,B
2969,C
2970,B
2971,A
2972,B
2973,A
2974,C
2975,B
2976,A
2977,A
2978,A
2979,C
2980,B
2981,C
2982,A
2983,C
2984,A
2985,B
2986,C
2987,C
2988,A
2989,B
2990,A
2991,A
2992,A
2993,C
2994,A
2995,B
2996,C
2997,B
2998,B
2999,A
3000,B
3001,C
3002,B
3003,C
3004,C
3005,B
3006,A
3007,A
3008,C
3009,C
3010,A
3011,A
3012,C
3013,B
3014,C
3015,A
3016,C
3017,B
3018,A
3019,A
3020,A
3021,C
3022,C
3023,A
3024,C
3025,B
3026,C
3027,C
3028,B
3029,A
3030,B
3031,B
3032,B
3033,B
3034,B
3035,B
3036,B
3037,B
3038,B
3039,A
3040,A
3041,B
3042,B
3043,A
3044,C
3045,C
3046,B
3047,C
3048,C
3049,C
3050,C
3051,C
3052,C
3053,C
3054,C
3055,A
3056,B
3057,A
3058,B
3059,A
3060,C
3061,C
3062,A
3063,B
3064,C
3065,A
3066,A
3067,C
3068,A
3069,B
3070,C
3071,C
3072,A
3073,A
3074,B
3075,B
3076,A
3077,A
3078,C
3079,B
3080,A
3081,C
3082,C
3083,B
3084,C
3085,C
3086,C
3087,A
3088,A
3089,C
3090,B
3091,C
3092,B
3093,B
3094,A
3095,C
3096,C
3097,B
3098,C
3099,C
3100,C
3101,B
3102,B
3103,A
3104,C
3105,A
3106,B
3107,A
3108,C
3109,C
3110,A
3111,B
3112,A
3113,A
3114,B
3115,B
3116,B
3117,C
3118,C
3119,C
3120,A
3121,A
3122,A
3123,C
3124,C
3125,A
3126,B
3127,C
3128,C
3129,B
3130,A
3131,C
3132,B
3133,B
3134,A
3135,A
3136,B
3137,B
3138,A
3139,A
3140,C
3141,A
3142,C
3143,B
3144,A
3145,B
3146,A
3147,C
3148,A
3149,C
3150,B
3151,C
3152,B
3153,A
3154,A
3155,B
3156,B
3157,A
3158,C
3159,C
3160,C
3161,A
3162,B
3163,A
3164,C
3165,A
3166,C
3167,B
3168,A
3169,C
3170,C
3171,C
3172,A
3173,C
3174,B
3175,A
3176,A
3177,B
3178,C
3179,A
3180,B
3181,A
3182,C
3183,A
3184,C
3185,A
3186,A
3187,B
3188,C
3189,C
3190,A
3191,C
3192,B
3193,B
3194,B
3195,C
3196,C
3197,C
3198,C
3199,B
3200,B
3201,C
3202,C
3203,B
3204,C
3205,C
3206,B
3207,A
3208,C
3209,C
3210,C
3211,B
3212,B
3213,A
3214,A
3215,A
3216,A
3217,C
3218,A
3219,C
3220,C
3221,C
3222,B
3223,B
3224,B
3225,A
3226,B
3227,B
3228,B
3229,C
3230,C
3231,A
3232,A
3233,C
3234,A
3235,B
3236,B
3237,C
3238,A
3239,C
3240,C
3241,B
3242,C
3243,A
3244,C
3245,C
3246,A
3247,B
3248,A
3249,B
3250,B
3251,A
3252,C
3253,C
3254,C
3255,A
3256,C
3257,A
3258,C
3259,A
3260,C
3261,C
3262,A
3263,A
3264,C
3265,B
3266,C
3267,B
3268,A
3269,A
3270,A
3271,B
3272,C
3273,C
3274,A
3275,B
3276,A
3277,B
3278,C
3279,A
3280,A
3281,B
3282,A
3283,C
3284,B
3285,C
3286,A
3287,A
3288,A
3289,A
3290,C
3291,B
3292,C
3293,B
3294,C
3295,B
3296,A
3297,B
3298,B
3299,A
3300,C
3301,C
3302,B
3303,B
3304,C
3305,A
3306,C
3307,B
3308,B
3309,B
3310,A
3311,A
3312,C
3313,A
3314,A
3315,C
3316,A
3317,C
3318,B
3319,C
3320,A
3321,B
3322,C
3323,B
3324,C
3325,C
3326,A
3327,B
3328,C
3329,B
3330,C
3331,C
3332,C
3333,B
3334,C
3335,B
3336,A
3337,C
3338,C
3339,C
3340,B
3341,B
3342,B
3343,C
3344,C
3345,A
3346,B
3347,B
3348,B
3349,B
3350,A
3351,C
3352,A
3353,C
3354,C
3355,C
3356,B
3357,A
3358,A
3359,A
3360,B
3361,A
3362,C
3363,A
3364,B
3365,C
3366,A
3367,C
3368,B
3369,C
3370,A
3371,C
3372,B
3373,B
3374,B
3375,B
3376,B
3377,A
3378,B
3379,B
3380,A
3381,A
3382,B
3383,A
3384,C
3385,B
3386,B
3387,A
3388,A
3389,C
3390,A
3391,B
3392,B
3393,A
3394,A
3395,C
3396,A
3397,B
3398,B
3399,A
3400,A
3401,B
3402,A
3403,B
3404,B
3405,B
3406,C
3407,B
3408,A
3409,A
3410,C
3411,A
3412,C
3413,B
3414,B
3415,B
3416,B
3417,A
3418,C
3419,A
3420,A
3421,A
3422,B
3423,A
3424,B
3425,C
3426,A
3427,A
3428,A
3429,C
3430,A
3431,C
3432,C
3433,C
3434,C
3435,B
3436,A
3437,C
3438,B
3439,A
3440,B
3441,C
3442,B
3443,C
3444,C
3445,C
3446,B
3447,C
3448,B
3449,C
3450,A
3451,A
3452,A
3453,A
3454,A
3455,C
3456,C
3457,A
3458,B
3459,B
3460,A
3461,C
3462,B
3463,B
3464,C
3465,A
3466,B
3467,A
3468,C
3469,A
3470,C
3471,B
3472,C
3473,C
3474,B
3475,B
3476,A
3477,B
3478,B
3479,C
3480,B
3481,A
3482,A
3483,A
3484,C
3485,C
3486,B
3487,B
3488,C
3489,B
3490,A
3491,B
3492,B
3493,B
3494,C
3495,C
3496,C
3497,A
3498,B
3499,A
3500,A
3501,B
3502,A
3503,C
3504,B
3505,C
3506,B
3507,A
3508,A
3509,C
3510,B
3511,C
3512,B
3513,B
3514,A
3515,A
3516,C
3517,B
3518,B
3519,A
3520,B
3521,C
3522,B
3523,B
3524,C
3525,B
3526,A
3527,C
3528,A
3529,C
3530,B
3531,B
3532,B
3533,C
3534,C
3535,B
3536,A
3537,B
3538,C
3539,A
3540,A
3541,B
3542,C
3543,B
3544,C
3545,C
3546,B
3547,A
3548,C
3549,B
3550,A
3551,B
3552,B
3553,B
3554,C
3555,B
3556,B
3557,A
3558,B
3559,A
3560,B
3561,A
3562,A
3563,A
3564,C
3565,C
3566,C
3567,B
3568,A
3569,C
3570,A
3571,B
3572,B
3573,C
3574,A
3575,C
3576,B
3577,A
3578,A
3579,A
3580,C
3581,B
3582,B
3583,C
3584,B
3585,A
3586,A
3587,B
3588,C
3589,C
3590,C
3591,C
3592,C
3593,C
3594,B
3595,B
3596,A
3597,C
3598,B
3599,A
3600,B
3601,B
3602,B
3603,C
3604,B
3605,A
3606,C
3607,B
3608,A
3609,A
3610,B
3611,B
3612,A
3613,A
3614,A
3615,C
3616,C
3617,A
3618,A
3619,A
3620,B
3621,B
3622,C
3623,B
3624,A
3625,A
3626,C
3627,B
3628,A
3629,A
3630,B
3631,B
3632,A
3633,B
3634,C
3635,B
3636,B
3637,A
3638,B
3639,B
3640,A
3641,C
3642,B
3643,B
3644,C
3645,B
3646,A
3647,C
3648,C
3649,B
3650,B
3651,A
3652,B
3653,B
3654,B
3655,A
3656,A
3657,A
3658,A
3659,B
3660,B
3661,C
3662,C
3663,C
3664,C
3665,B
3666,B
3667,A
3668,B
3669,C
3670,B
3671,C
3672,C
3673,A
3674,B
3675,B
3676,A
3677,A
3678,B
3679,C
3680,C
3681,C
3682,C
3683,A
3684,C
3685,A
3686,A
3687,A
3688,C
3689,C
3690,B
3691,C
3692,B
3693,B
3694,C
3695,B
3696,B
3697,C
3698,A
3699,A
3700,A
3701,B
3702,C
3703,C
3704,A
3705,C
3706,A
3707,A
3708,C
3709,A
3710,B
3711,B
3712,B
3713,B
3714,B
3715,C
3716,A
3717,B
3718,A
3719,C
3720,A
3721,B
3722,B
3723,B
3724,B
3725,C
3726,A
3727,C
3728,A
3729,A
3730,B
3731,A
3732,C
3733,A
3734,A
3735,C
3736,B
3737,C
3738,C
3739,B
3740,B
3741,C
3742,C
3743,A
3744,A
3745,A
3746,C
3747,A
3748,B
3749,A
3750,B
3751,B
3752,C
3753,B
3754,B
3755,A
3756,B
3757,B
3758,C
3759,B
3760,A
3761,B
3762,A
3763,B
3764,A
3765,A
3766,C
3767,C
3768,C
3769,C
3770,C
3771,C
3772,B
3773,A
3774,A
3775,B
3776,A
3777,C
3778,C
3779,C
3780,C
3781,A
3782,C
3783,A
3784,B
3785,C
3786,A
3787,A
3788,B
3789,B
3790,B
3791,A
3792,C
3793,C
3794,C
3795,A
3796,C
3797,B
3798,B
3799,B
3800,A
3801,A
3802,C
3803,B
3804,B
3805,C
3806,C
3807,C
3808,A
3809,A
3810,B
3811,C
3812,A
3813,A
3814,A
3815,B
3816,A
3817,C
3818,A
3819,A
3820,C
3821,B
3822,C
3823,B
3824,B
3825,C
3826,C
3827,B
3828,A
3829,A
3830,A
3831,C
3832,A
3833,B
3834,A
3835,C
3836,B
3837,C
3838,C
3839,C
3840,A
3841,C
3842,A
3843,A
3844,C
3845,A
3846,A
3847,A
3848,A
3849,C
3850,C
3851,A
3852,C
3853,C
3854,A
3855,C
3856,B
3857,A
3858,A
3859,A
3860,C
3861,B
3862,C
3863,B
3864,A
3865,A
3866,B
3867,C
3868,C
3869,C
3870,C
3871,C
3872,A
3873,B
3874,B
3875,A
3876,C
3877,C
3878,A
3879,A
3880,A
3881,A
3882,B
3883,C
3884,C
3885,A
3886,A
3887,A
3888,B
3889,C
3890,B
3891,C
3892,C
3893,C
3894,B
3895,B
3896,C
3897,C
3898,A
3899,B
3900,A
3901,B
3902,B
3903,C
3904,A
3905,C
3906,B
3907,B
3908,B
3909,C
3910,A
3911,B
3912,C
3913,B
3914,C
3915,C
3916,A
3917,B
3918,C
3919,A
3920,A
3921,B
3922,A
3923,C
3924,A
3925,A
3926,A
3927,A
3928,A
3929,C
3930,C
3931,C
3932,C
3933,A
3934,C
3935,A
3936,C
3937,A
3938,B
3939,C
3940,B
3941,A
3942,C
3943,A
3944,C
3945,A
3946,A
3947,B
3948,B
3949,C
3950,C
3951,C
3952,B
3953,B
3954,A
3955,C
3956,A
3957,A
3958,A
3959,C
3960,B
3961,C
3962,C
3963,A
3964,B
3965,A
3966,B
3967,A
3968,B
3969,A
3970,C
3971,B
3972,B
3973,C
3974,C
3975,C
3976,C
3977,B
3978,C
3979,A
3980,B
3981,C
3982,A
3983,C
3984,B
3985,A
3986,A
3987,A
3988,B
3989,B
3990,A
3991,B
3992,A
3993,C
3994,B
3995,B
3996,C
3997,C
3998,B
3999,C
4000,B
4001,A
4002,A
4003,A
4004,C
4005,B
4006,B
4007,C
4008,C
4009,C
4010,C
4011,A
4012,C
4013,C
4014,C
4015,A
4016,B
4017,C
4018,C
4019,B
4020,A
4021,B
4022,B
4023,C
4024,C
4025,A
4026,C
4027,A
4028,B
4029,A
4030,A
4031,B
4032,A
4033,B
4034,C
4035,C
4036,A
4037,C
4038,B
4039,A
4040,A
4041,B
4042,B
4043,B
4044,C
4045,B
4046,C
4047,B
4048,B
4049,B
4050,B
4051,C
4052,B
4053,A
4054,C
4055,B
4056,B
4057,B
4058,C
4059,C
4060,B
4061,A
4062,B
4063,B
4064,C
4065,C
4066,C
4067,B
4068,B
4069,C
4070,C
4071,A
4072,B
4073,A
4074,B
4075,B
4076,B
4077,B
4078,B
4079,A
4080,C
4081,B
4082,B
4083,A
4084,B
4085,C
4086,A
4087,B
4088,C
4089,A
4090,B
4091,B
4092,B
4093,B
4094,A
4095,B
4096,C
4097,B
4098,A
4099,A
4100,B
4101,C
4102,C
4103,A
4104,A
4105,B
4106,A
4107,A
4108,A
4109,B
4110,B
4111,A
4112,A
4113,A
4114,A
4115,B
4116,B
4117,C
4118,C
4119,A
4120,C
4121,A
4122,B
4123,C
4124,C
4125,C
4126,B
4127,B
4128,B
4129,A
4130,B
4131,C
4132,C
4133,A
4134,B
4135,B
4136,C
4137,C
4138,B
4139,C
4140,A
4141,A
4142,A
4143,B
4144,A
4145,A
4146,B
4147,C
4148,A
4149,C
4150,B
4151,A
4152,C
4153,C
4154,B
4155,C
4156,A
4157,B
4158,C
4159,C
4160,C
4161,B
4162,B
4163,C
4164,B
4165,A
4166,A
4167,C
4168,C
4169,C
4170,A
4171,B
4172,B
4173,B
4174,C
4175,A
4176,C
4177,A
4178,B
4179,A
4180,B
4181,B
4182,C
4183,A
4184,C
4185,B
4186,B
4187,A
4188,B
4189,A
4190,A
4191,B
4192,A
4193,B
4194,C
4195,B
4196,B
4197,B
4198,C
4199,C
4200,A
4201,B
4202,A
4203,C
4204,A
4205,C
4206,C
4207,A
4208,C
4209,C
4210,A
4211,B
4212,A
4213,C
4214,C
4215,C
4216,A
4217,B
4218,C
4219,C
4220,B
4221,C
4222,A
4223,C
4224,C
4225,B
4226,A
4227,A
4228,C
4229,C
4230,C
4231,A
4232,C
4233,C
4234,C
4235,A
4236,A
4237,B
4238,B
4239,A
4240,A
4241,B
4242,B
4243,B
4244,A
4245,C
4246,B
4247,C
4248,B
4249,A
4250,B
4251,B
4252,C
4253,C
4254,C
4255,A
4256,A
4257,A
4258,B
4259,C
4260,A
4261,C
4262,C
4263,A
4264,C
4265,C
4266,C
4267,C
4268,B
4269,C
4270,B
4271,B
4272,A
4273,B
4274,B
4275,A
4276,C
4277,A
4278,C
4279,C
4280,A
4281,B
4282,C
4283,A
4284,A
4285,A
4286,A
4287,A
4288,A
4289,A
4290,A
4291,B
4292,A
4293,A
4294,B
4295,A
4296,A
4297,C
4298,C
4299,B
4300,A
4301,A
4302,A
4303,C
4304,B
4305,C
4306,A
4307,C
4308,B
4309,A
4310,B
4311,C
4312,C
4313,B
4314,B
4315,B
4316,B
4317,B
4318,A
4319,C
4320,B
4321,B
4322,B
4323,B
4324,C
4325,A
4326,C
4327,C
4328,B
4329,B
4330,C
4331,A
4332,C
4333,B
4334,C
4335,A
4336,C
4337,A
4338,B
4339,A
4340,A
4341,A
4342,B
4343,B
4344,C
4345,C
4346,B
4347,C
4348,A
4349,A
4350,B
4351,B
4352,B
4353,C
4354,C
4355,C
4356,A
4357,B
4358,C
4359,C
4360,C
4361,B
4362,A
4363,C
4364,A
4365,C
4366,B
4367,B
4368,A
4369,C
4370,C
4371,B
4372,C
4373,B
4374,A
4375,B
4376,C
4377,C
4378,B
4379,C
4380,B
4381,B
4382,B
4383,A
4384,A
4385,B
4386,C
4387,A
4388,B
4389,B
4390,C
4391,A
4392,B
4393,C
4394,C
4395,A
4396,A
4397,A
4398,C
4399,C
4400,B
4401,B
4402,B
4403,C
4404,C
4405,A
4406,B
4407,B
4408,C
4409,C
4410,B
4411,A
4412,A
4413,A
4414,A
4415,C
4416,C
4417,C
4418,C
4419,B
4420,A
4421,B
4422,A
4423,B
4424,B
4425,A
4426,B
4427,C
4428,B
4429,B
4430,B
4431,C
4432,B
4433,A
4434,A
4435,C
4436,C
4437,A
4438,B
4439,C
4440,B
4441,A
4442,C
4443,C
4444,C
4445,C
4446,C
4447,A
4448,B
4449,B
4450,A
4451,B
4452,A
4453,C
4454,B
4455,A
4456,A
4457,B
4458,C
4459,B
4460,A
4461,B
4462,A
4463,B
4464,A
4465,C
4466,B
4467,B
4468,A
4469,A
4470,C
4471,C
4472,C
4473,C
4474,A
4475,A
4476,A
4477,C
4478,C
4479,C
4480,B
4481,B
4482,B
4483,C
4484,A
4485,B
4486,C
4487,C
4488,A
4489,A
4490,A
4491,B
4492,B
4493,A
4494,A
4495,C
4496,A
4497,A
4498,C
4499,A
4500,A
4501,A
4502,C
4503,B
4504,C
4505,A
4506,C
4507,A
4508,C
4509,B
4510,B
4511,C
4512,B
4513,A
4514,A
4515,B
4516,B
4517,A
4518,C
4519,C
4520,B
4521,B
4522,C
4523,B
4524,C
4525,A
4526,C
4527,C
4528,B
4529,C
4530,A
4531,A
4532,A
4533,B
4534,A
4535,B
4536,B
4537,C
4538,C
4539,A
4540,C
4541,C
4542,A
4543,A
4544,B
4545,B
4546,B
4547,C
4548,A
4549,C
4550,C
4551,A
4552,A
4553,A
4554,B
4555,A
4556,B
4557,B
4558,C
4559,B
4560,A
4561,A
4562,C
4563,B
4564,C
4565,C
4566,B
4567,C
4568,B
4569,C
4570,C
4571,A
4572,C
4573,A
4574,B
4575,C
4576,B
4577,C
4578,B
4579,A
4580,A
4581,B
4582,B
4583,B
4584,B
4585,C
4586,A
4587,C
4588,B
4589,C
4590,A
4591,C
4592,B
4593,B
4594,C
4595,C
4596,A
4597,C
4598,B
4599,B
4600,C
4601,C
4602,B
4603,A
4604,B
4605,C
4606,B
4607,A
4608,C
4609,B
4610,C
4611,B
4612,B
4613,B
4614,C
4615,C
4616,A
4617,B
4618,C
4619,B
4620,C
4621,B
4622,A
4623,C
4624,B
4625,C
4626,A
4627,A
4628,A
4629,A
4630,A
4631,A
4632,A
4633,C
4634,B
4635,A
4636,A
4637,A
4638,A
4639,B
4640,C
4641,C
4642,A
4643,A
4644,A
4645,B
4646,B
4647,C
4648,B
4649,A
4650,B
4651,B
4652,C
4653,A
4654,A
4655,A
4656,B
4657,C
4658,B
4659,C
4660,B
4661,A
4662,B
4663,B
4664,B
4665,B
4666,A
4667,B
4668,C
4669,A
4670,B
4671,C
4672,A
4673,A
4674,B
4675,B
4676,A
4677,A
4678,C
4679,A
4680,C
4681,B
4682,A
4683,A
4684,A
4685,A
4686,C
4687,C
4688,A
4689,C
4690,B
4691,C
4692,A
4693,C
4694,B
4695,B
4696,A
4697,C
4698,A
4699,B
4700,C
4701,C
4702,C
4703,B
4704,B
4705,B
4706,C
4707,B
4708,B
4709,B
4710,A
4711,B
4712,B
4713,C
4714,C
4715,B
4716,A
4717,C
4718,B
4719,B
4720,B
4721,C
4722,C
4723,C
4724,C
4725,C
4726,C
4727,A
4728,B
4729,B
4730,C
4731,A
4732,B
4733,B
4734,A
4735,B
4736,A
4737,B
4738,B
4739,A
4740,B
4741,B
4742,C
4743,B
4744,C
4745,C
4746,C
4747,C
4748,C
4749,A
4750,A
4751,C
4752,B
4753,B
4754,A
4755,C
4756,A
4757,A
4758,C
4759,B
4760,A
4761,A
4762,B
4763,C
4764,B
4765,B
4766,C
4767,C
4768,A
4769,A
4770,C
4771,B
4772,B
4773,C
4774,B
4775,B
4776,C
4777,A
4778,B
4779,C
4780,A
4781,C
4782,A
4783,C
4784,C
4785,B
4786,C
4787,A
4788,B
4789,A
4790,A
4791,C
4792,A
4793,A
4794,B
4795,B
4796,C
4797,A
4798,B
4799,A
4800,A
4801,A
4802,B
4803,A
4804,A
4805,A
4806,C
4807,A
4808,A
4809,B
4810,B
4811,C
4812,C
4813,C
4814,A
4815,B
4816,A
4817,A
4818,A
4819,B
4820,B
4821,B
4822,C
4823,B
4824,C
4825,B
4826,A
4827,A
4828,B
4829,B
4830,B
4831,A
4832,C
4833,B
4834,C
4835,B
4836,A
4837,A
4838,A
4839,C
4840,C
4841,A
4842,B
4843,B
4844,B
4845,A
4846,B
4847,A
4848,B
4849,B
4850,B
4851,B
4852,B
4853,C
4854,C
4855,B
4856,B
4857,B
4858,B
4859,C
4860,A
4861,B
4862,C
4863,B
4864,A
4865,B
4866,A
4867,C
4868,B
4869,C
4870,A
4871,A
4872,A
4873,C
4874,A
4875,B
4876,B
4877,A
4878,B
4879,A
4880,C
4881,B
4882,A
4883,C
4884,C
4885,A
4886,B
4887,B
4888,C
4889,A
4890,C
4891,C
4892,B
4893,B
4894,B
4895,C
4896,C
4897,A
4898,A
4899,C
4900,B
4901,B
4902,C
4903,C
4904,A
4905,A
4906,C
4907,C
4908,A
4909,A
4910,A
4911,A
4912,C
4913,A
4914,B
4915,A
4916,A
4917,A
4918,B
4919,B
4920,B
4921,A
4922,C
4923,B
4924,C
4925,C
4926,A
4927,B
4928,B
4929,A
4930,C
4931,B
4932,C
4933,B
4934,A
4935,C
4936,C
4937,A
4938,B
4939,A
4940,C
4941,A
4942,B
4943,B
4944,A
4945,A
4946,C
4947,B
4948,B
4949,A
4950,A
4951,B
4952,A
4953,A
4954,B
4955,B
4956,A
4957,B
4958,A
4959,B
4960,C
4961,C
4962,A
4963,C
4964,C
4965,A
4966,C
4967,C
4968,A
4969,A
4970,B
4971,B
4972,C
4973,A
4974,B
4975,C
4976,C
4977,A
4978,A
4979,A
4980,C
4981,C
4982,C
4983,B
4984,A
4985,A
4986,C
4987,C
4988,B
4989,B
4990,B
4991,B
4992,C
4993,C
4994,C
4995,B
4996,A
4997,C
4998,C
4999,B
5000,C
5001,A
5002,A
5003,C
5004,C
5005,B
5006,C
5007,A
5008,C
5009,B
5010,A
5011,A
5012,C
5013,B
5014,C
5015,A
5016,A
5017,C
5018,C
5019,A
5020,C
5021,C
5022,A
5023,C
5024,A
5025,A
5026,B
5027,C
5028,A
5029,C
5030,C
5031,B
5032,C
5033,C
5034,A
5035,A
5036,B
5037,B
5038,B
5039,A
5040,C
5041,C
5042,A
5043,B
5044,A
5045,C
5046,B
5047,B
5048,C
5049,C
5050,B
5051,C
5052,C
5053,A
5054,C
5055,B
5056,B
5057,B
5058,C
5059,A
5060,C
5061,A
5062,A
5063,B
5064,C
5065,B
5066,A
5067,B
5068,C
5069,B
5070,A
5071,B
5072,A
5073,B
5074,C
5075,A
5076,B
5077,A
5078,A
5079,A
5080,C
5081,A
5082,A
5083,C
5084,A
5085,A
5086,B
5087,C
5088,B
5089,A
5090,C
5091,A
5092,A
5093,C
5094,A
5095,C
5096,C
5097,C
5098,C
5099,A
5100,A
5101,A
5102,B
5103,A
5104,C
5105,C
5106,A
5107,A
5108,A
5109,B
5110,B
5111,C
5112,C
5113,C
5114,B
5115,A
5116,B
5117,A
5118,B
5119,A
5120,B
5121,A
5122,B
5123,B
5124,A
5125,B
5126,C
5127,B
5128,B
5129,C
5130,A
5131,C
5132,B
5133,A
5134,C
5135,C
5136,C
5137,A
5138,B
5139,C
5140,C
5141,B
5142,B
5143,A
5144,A
5145,B
5146,A
5147,C
5148,C
5149,B
5150,B
5151,C
5152,C
5153,A
5154,B
5155,C
5156,A
5157,C
5158,A
5159,B
5160,B
5161,B
5162,A
5163,B
5164,A
5165,B
5166,C
5167,B
5168,A
5169,A
5170,C
5171,C
5172,B
5173,A
5174,B
5175,B
5176,B
5177,B
5178,C
5179,B
5180,A
5181,B
5182,A
5183,B
5184,C
5185,C
5186,B
5187,B
5188,B
5189,C
5190,C
5191,A
5192,A
5193,B
5194,B
5195,A
5196,A
5197,C
5198,B
5199,C
5200,A
5201,A
5202,A
5203,A
5204,A
5205,C
5206,C
5207,B
5208,B
5209,C
5210,A
5211,B
5212,C
5213,C
5214,B
5215,C
5216,B
5217,B
5218,C
5219,C
5220,A
5221,A
5222,B
5223,C
5224,B
5225,B
5226,B
5227,C
5228,A
5229,C
5230,C
5231,B
5232,B
5233,B
5234,A
5235,B
5236,B
5237,B
5238,C
5239,C
5240,C
5241,C
5242,B
5243,A
5244,B
5245,A
5246,B
5247,A
5248,C
5249,C
5250,A
5251,A
5252,B
5253,C
5254,B
5255,C
5256,C
5257,C
5258,B
5259,A
5260,B
5261,A
5262,A
5263,C
5264,C
5265,C
5266,A
5267,A
5268,B
5269,C
5270,B
5271,C
5272,B
5273,B
5274,B
5275,C
5276,C
5277,C
5278,C
5279,B
5280,A
5281,A
5282,C
5283,A
5284,B
5285,B
5286,C
5287,A
5288,B
5289,C
5290,A
5291,A
5292,C
5293,C
5294,C
5295,B
5296,C
5297,C
5298,B
5299,B
5300,C
5301,B
5302,B
5303,B
5304,A
5305,C
5306,C
5307,B
5308,B
5309,B
5310,A
5311,A
5312,C
5313,C
5314,B
5315,B
5316,B
5317,A
5318,B
5319,B
5320,A
5321,A
5322,C
5323,A
5324,B
5325,B
5326,A
5327,C
5328,C
5329,A
5330,A
5331,A
5332,A
5333,A
5334,B
5335,B
5336,C
5337,B
5338,B
5339,C
5340,A
5341,B
5342,B
5343,B
5344,A
5345,C
5346,A
5347,B
5348,B
5349,A
5350,B
5351,A
5352,C
5353,A
5354,B
5355,C
5356,A
5357,A
5358,A
5359,B
5360,A
5361,A
5362,A
5363,A
5364,A
5365,A
5366,C
5367,C
5368,C
5369,C
5370,C
5371,B
5372,A
5373,A
5374,A
5375,C
5376,C
5377,B
5378,A
5379,B
5380,B
5381,A
5382,B
5383,C
5384,C
5385,B
5386,C
5387,A
5388,B
5389,C
5390,C
5391,B
5392,C
5393,C
5394,A
5395,C
5396,B
5397,B
5398,A
5399,C
5400,C
5401,A
5402,B
5403,C
5404,A
5405,A
5406,C
5407,C
5408,B
5409,B
5410,B
5411,C
5412,C
5413,A
5414,A
5415,C
5416,C
5417,A
5418,A
5419,B
5420,B
5421,B
5422,C
5423,A
5424,C
5425,A
5426,B
5427,A
5428,B
5429,C
5430,C
5431,C
5432,A
5433,A
5434,B
5435,B
5436,A
5437,A
5438,A
5439,A
5440,B
5441,C
5442,B
5443,B
5444,B
5445,A
5446,B
5447,A
5448,C
5449,C
5450,B
5451,A
5452,B
5453,B
5454,A
5455,C
5456,C
5457,A
5458,C
5459,A
5460,C
5461,C
5462,C
5463,C
5464,C
5465,A
5466,B
5467,C
5468,C
5469,B
5470,C
5471,B
5472,A
5473,A
5474,C
5475,B
5476,A
5477,C
5478,A
5479,B
5480,A
5481,A
5482,C
5483,C
5484,B
5485,B
5486,B
5487,B
5488,C
5489,A
5490,A
5491,A
5492,B
5493,B
5494,B
5495,C
5496,C
5497,B
5498,B
5499,C
5500,C
5501,C
5502,C
5503,A
5504,C
5505,A
5506,C
5507,A
5508,C
5509,A
5510,B
5511,B
5512,B
5513,A
5514,B
5515,C
5516,C
5517,B
5518,A
5519,A
5520,C
5521,B
5522,B
5523,C
5524,B
5525,B
5526,A
5527,A
5528,A
5529,B
5530,C
5531,A
5532,C
5533,B
5534,C
5535,B
5536,C
5537,C
5538,A
5539,C
5540,A
5541,B
5542,C
5543,B
5544,C
5545,B
5546,A
5547,C
5548,A
5549,A
5550,A
5551,A
5552,C
5553,A
5554,C
5555,B
5556,A
5557,C
5558,A
5559,C
5560,A
5561,C
5562,B
5563,B
5564,C
5565,C
5566,B
5567,C
5568,C
5569,A
5570,B
5571,A
5572,A
5573,A
5574,A
5575,A
5576,B
5577,C
5578,B
5579,C
5580,C
5581,B
5582,B
5583,C
5584,A
5585,C
5586,C
5587,C
5588,B
5589,C
5590,A
5591,B
5592,B
5593,B
5594,C
5595,A
5596,A
5597,B
5598,C
5599,A
5600,C
5601,C
5602,C
5603,A
5604,A
5605,C
5606,B
5607,A
5608,B
5609,B
5610,B
5611,C
5612,B
5613,A
5614,A
5615,B
5616,B
5617,C
5618,A
5619,B
5620,A
5621,C
5622,B
5623,B
5624,B
5625,B
5626,C
5627,A
5628,C
5629,A
5630,C
5631,C
5632,A
5633,B
5634,B
5635,C
5636,C
5637,A
5638,B
5639,B
5640,B
5641,B
5642,A
5643,B
5644,C
5645,B
5646,A
5647,C
5648,A
5649,A
5650,A
5651,A
5652,A
5653,C
5654,A
5655,C
5656,C
5657,B
5658,C
5659,B
5660,C
5661,A
5662,B
5663,B
5664,C
5665,B
5666,A
5667,A
5668,B
5669,A
5670,B
5671,A
5672,C
5673,A
5674,C
5675,C
5676,A
5677,C
5678,A
5679,B
5680,B
5681,A
5682,A
5683,B
5684,A
5685,C
5686,A
5687,C
5688,A
5689,A
5690,C
5691,A
5692,B
5693,B
5694,B
5695,C
5696,C
5697,B
5698,A
5699,B
5700,C
5701,A
5702,C
5703,B
5704,B
5705,A
5706,A
5707,B
5708,C
5709,C
5710,C
5711,B
5712,B
5713,C
5714,B
5715,A
5716,A
5717,B
5718,A
5719,C
5720,B
5721,C
5722,A
5723,C
5724,C
5725,B
5726,C
5727,B
5728,B
5729,C
5730,B
5731,B
5732,B
5733,A
5734,C
5735,C
5736,A
5737,C
5738,A
5739,B
5740,C
5741,A
5742,C
5743,B
5744,C
5745,B
5746,A
5747,B
5748,A
5749,A
5750,B
5751,B
5752,B
5753,A
5754,C
5755,C
5756,C
5757,B
5758,C
5759,B
5760,C
5761,B
5762,B
5763,A
5764,C
5765,A
5766,C
5767,C
5768,C
5769,B
5770,B
5771,A
5772,C
5773,A
5774,A
5775,B
5776,B
5777,B
5778,C
5779,C
5780,A
5781,B
5782,C
5783,C
5784,A
5785,A
5786,C
5787,C
5788,C
5789,B
5790,C
5791,C
5792,A
5793,A
5794,C
5795,C
5796,B
5797,A
5798,B
5799,C
5800,C
5801,B
5802,A
5803,C
5804,C
5805,A
5806,B
5807,A
5808,C
5809,B
5810,C
5811,C
5812,C
5813,B
5814,B
5815,B
5816,B
5817,A
5818,C
5819,A
5820,A
5821,B
5822,C
5823,B
5824,A
5825,A
5826,B
5827,B
5828,C
5829,B
5830,C
5831,B
5832,C
5833,A
5834,A
5835,A
5836,C
5837,A
5838,C
5839,C
5840,C
5841,B
5842,C
5843,B
5844,B
5845,C
5846,C
5847,A
5848,A
5849,C
5850,B
5851,C
5852,B
5853,A
5854,C
5855,B
5856,B
5857,A
5858,B
5859,C
5860,A
5861,B
5862,B
5863,C
5864,C
5865,B
5866,B
5867,C
5868,A
5869,C
5870,C
5871,A
5872,B
5873,C
5874,A
5875,B
5876,B
5877,C
5878,A
5879,C
5880,A
5881,C
5882,C
5883,A
5884,C
5885,A
5886,B
5887,C
5888,B
5889,C
5890,B
5891,A
5892,A
5893,B
5894,C
5895,A
5896,A
5897,B
5898,B
5899,A
5900,B
5901,A
5902,A
5903,A
5904,C
5905,C
5906,A
5907,B
5908,C
5909,B
5910,B
5911,A
5912,B
5913,A
5914,B
5915,A
5916,C
5917,C
5918,A
5919,B
5920,A
5921,C
5922,C
5923,C
5924,A
5925,B
5926,B
5927,B
5928,A
5929,C
5930,A
5931,A
5932,C
5933,A
5934,C
5935,B
5936,B
5937,A
5938,B
5939,B
5940,C
5941,A
5942,A
5943,B
5944,B
5945,B
5946,B
5947,B
5948,C
5949,A
5950,C
5951,B
5952,C
5953,C
5954,B
5955,C
5956,A
5957,C
5958,C
5959,A
5960,C
5961,C
5962,A
5963,B
5964,B
5965,B
5966,C
5967,A
5968,B
5969,B
5970,A
5971,C
5972,B
5973,C
5974,B
5975,A
5976,C
5977,A
5978,B
5979,B
5980,A
5981,A
5982,A
5983,B
5984,C
5985,C
5986,A
5987,C
5988,A
5989,A
5990,C
5991,C
5992,B
5993,C
5994,A
5995,A
5996,B
5997,B
5998,C
5999,A
6000,C
6001,B
6002,A
6003,C
6004,A
6005,C
6006,C
6007,B
6008,B
6009,B
6010,A
6011,A
6012,A
6013,A
6014,B
6015,C
6016,C
6017,B
6018,A
6019,A
6020,B
6021,A
6022,B
6023,A
6024,C
6025,B
6026,A
6027,A
6028,A
6029,B
6030,A
6031,C
6032,C
6033,C
6034,A
6035,C
6036,C
6037,B
6038,B
6039,A
6040,A
6041,A
6042,A
6043,A
6044,B
6045,C
6046,B
6047,B
6048,A
6049,A
6050,C
6051,C
6052,C
6053,C
6054,B
6055,A
6056,B
6057,A
6058,A
6059,B
6060,A
6061,C
6062,A
6063,B
6064,B
6065,A
6066,B
6067,B
6068,B
6069,B
6070,A
6071,C
6072,B
6073,A
6074,A
6075,A
6076,B
6077,B
6078,C
6079,A
6080,A
6081,A
6082,C
6083,B
6084,A
6085,C
6086,A
6087,C
6088,B
6089,C
6090,B
6091,B
6092,C
6093,C
6094,C
6095,B
6096,B
6097,B
6098,C
6099,C
6100,A
6101,C
6102,A
6103,B
6104,A
6105,A
6106,B
6107,A
6108,C
6109,C
6110,C
6111,B
6112,A
6113,C
6114,C
6115,B
6116,A
6117,A
6118,B
6119,A
6120,A
6121,A
6122,A
6123,B
6124,A
6125,A
6126,C
6127,C
6128,B
6129,B
6130,A
6131,B
6132,B
6133,C
6134,C
6135,B
6136,A
6137,C
6138,C
6139,C
6140,C
6141,C
6142,A
6143,C
6144,B
6145,C
6146,A
6147,A
6148,A
6149,C
6150,A
6151,C
6152,A
6153,B
6154,B
6155,B
6156,B
6157,A
6158,C
6159,C
6160,B
6161,B
6162,B
6163,B
6164,B
6165,C
6166,A
6167,B
6168,A
6169,C
6170,B
6171,C
6172,C
6173,A
6174,C
6175,A
6176,C
6177,A
6178,A
6179,C
6180,C
6181,C
6182,B
6183,C
6184,C
6185,B
6186,C
6187,B
6188,C
6189,A
6190,C
6191,A
6192,A
6193,C
6194,A
6195,A
6196,C
6197,A
6198,A
6199,C
6200,C
6201,B
6202,A
6203,B
6204,B
6205,C
6206,C
6207,A
6208,A
6209,A
6210,A
6211,A
6212,C
6213,C
6214,C
6215,C
6216,C
6217,C
6218,C
6219,C
6220,C
6221,C
6222,C
6223,C
6224,C
6225,A
6226,C
6227,C
6228,B
6229,A
6230,B
6231,B
6232,C
6233,B
6234,B
6235,A
6236,C
6237,A
6238,B
6239,C
6240,A
6241,C
6242,A
6243,A
6244,C
6245,B
6246,B
6247,B
6248,C
6249,B
6250,C
6251,B
6252,B
6253,B
6254,B
6255,C
6256,A
6257,A
6258,A
6259,C
6260,B
6261,C
6262,C
6263,B
6264,C
6265,C
6266,A
6267,A
6268,A
6269,A
6270,A
6271,A
6272,A
6273,B
6274,C
6275,A
6276,B
6277,A
6278,B
6279,B
6280,C
6281,A
6282,C
6283,A
6284,B
6285,B
6286,A
6287,A
6288,B
6289,C
6290,A
6291,C
6292,B
6293,A
6294,A
6295,B
6296,C
6297,A
6298,B
6299,C
6300,B
6301,C
6302,A
6303,C
6304,C
6305,B
6306,A
6307,B
6308,C
6309,C
6310,B
6311,C
6312,A
6313,A
6314,C
6315,C
6316,C
6317,B
6318,B
6319,B
6320,C
6321,B
6322,C
6323,B
6324,C
6325,B
6326,A
6327,B
6328,B
6329,B
6330,A
6331,B
6332,C
6333,A
6334,B
6335,B
6336,C
6337,B
6338,A
6339,B
6340,A
6341,B
6342,A
6343,B
6344,C
6345,C
6346,B
6347,C
6348,C
6349,C
6350,B
6351,C
6352,B
6353,A
6354,A
6355,C
6356,A
6357,A
6358,B
6359,B
6360,C
6361,A
6362,A
6363,C
6364,A
6365,C
6366,C
6367,B
6368,C
6369,C
6370,A
6371,A
6372,B
6373,A
6374,B
6375,A
6376,B
6377,A
6378,C
6379,A
6380,C
6381,A
6382,B
6383,B
6384,B
6385,C
6386,C
6387,B
6388,C
6389,B
6390,B
6391,A
6392,A
6393,A
6394,A
6395,A
6396,A
6397,A
6398,B
6399,B
6400,A
6401,B
6402,A
6403,C
6404,C
6405,A
6406,B
6407,C
6408,A
6409,A
6410,C
6411,B
6412,A
6413,A
6414,B
6415,A
6416,C
6417,C
6418,B
6419,A
6420,B
6421,C
6422,C
6423,B
6424,B
6425,B
6426,B
6427,C
6428,B
6429,C
6430,B
6431,B
6432,B
6433,C
6434,B
6435,A
6436,A
6437,A
6438,A
6439,C
6440,C
6441,A
6442,B
6443,B
6444,A
6445,A
6446,B
6447,B
6448,B
6449,C
6450,A
6451,A
6452,A
6453,C
6454,A
6455,B
6456,C
6457,B
6458,C
6459,B
6460,C
6461,C
6462,B
6463,A
6464,C
6465,B
6466,C
6467,C
6468,A
6469,B
6470,A
6471,A
6472,A
6473,B
6474,B
6475,A
6476,B
6477,B
6478,B
6479,B
6480,A
6481,B
6482,C
6483,B
6484,B
6485,C
6486,A
6487,A
6488,B
6489,B
6490,C
6491,B
6492,C
6493,A
6494,B
6495,A
6496,A
6497,C
6498,C
6499,A
6500,A
6501,B
6502,A
6503,B
6504,C
6505,A
6506,C
6507,A
6508,A
6509,B
6510,A
6511,A
6512,C
6513,B
6514,B
6515,B
6516,C
6517,B
6518,A
6519,B
6520,A
6521,C
6522,B
6523,C
6524,B
6525,A
6526,A
6527,C
6528,C
6529,B
6530,C
6531,C
6532,B
6533,A
6534,B
6535,B
6536,B
6537,A
6538,C
6539,C
6540,C
6541,C
6542,B
6543,B
6544,A
6545,C
6546,C
6547,C
6548,C
6549,B
6550,C
6551,B
6552,C
6553,B
6554,C
6555,A
6556,A
6557,B
6558,C
6559,B
6560,A
6561,B
6562,C
6563,B
6564,B
6565,B
6566,B
6567,B
6568,B
6569,C
6570,B
6571,B
6572,C
6573,A
6574,B
6575,B
6576,A
6577,C
6578,B
6579,A
6580,C
6581,C
6582,C
6583,B
6584,B
6585,B
6586,B
6587,C
6588,C
6589,A
6590,B
6591,C
6592,C
6593,C
6594,B
6595,A
6596,B
6597,A
6598,B
6599,B
6600,A
6601,A
6602,A
6603,C
6604,C
6605,B
6606,C
6607,C
6608,B
6609,B
6610,B
6611,C
6612,B
6613,A
6614,A
6615,C
6616,B
6617,C
6618,A
6619,B
6620,C
6621,C
6622,A
6623,C
6624,B
6625,C
6626,C
6627,A
6628,C
6629,C
6630,A
6631,B
6632,B
6633,B
6634,C
6635,C
6636,B
6637,C
6638,A
6639,B
6640,C
6641,A
6642,B
6643,B
6644,A
6645,C
6646,B
6647,A
6648,A
6649,C
6650,A
6651,B
6652,C
6653,A
6654,C
6655,C
6656,A
6657,B
6658,A
6659,C
6660,A
6661,A
6662,C
6663,B
6664,B
6665,A
6666,C
6667,A
6668,B
6669,B
6670,A
6671,C
6672,C
6673,C
6674,A
6675,A
6676,B
6677,B
6678,B
6679,B
6680,A
6681,C
6682,C
6683,B
6684,A
6685,B
6686,A
6687,C
6688,B
6689,C
6690,C
6691,B
6692,A
6693,B
6694,B
6695,B
6696,A
6697,C
6698,B
6699,B
6700,B
6701,C
6702,C
6703,C
6704,B
6705,A
6706,B
6707,B
6708,A
6709,C
6710,A
6711,A
6712,C
6713,C
6714,A
6715,B
6716,C
6717,A
6718,A
6719,A
6720,C
6721,A
6722,B
6723,C
6724,C
6725,C
6726,C
6727,B
6728,B
6729,B
6730,B
6731,C
6732,C
6733,B
6734,C
6735,B
6736,B
6737,A
6738,C
6739,A
6740,B
6741,C
6742,C
6743,C
6744,B
6745,C
6746,A
6747,C
6748,C
6749,C
6750,A
6751,B
6752,A
6753,A
6754,C
6755,B
6756,A
6757,C
6758,A
6759,C
6760,B
6761,C
6762,B
6763,C
6764,C
6765,A
6766,C
6767,A
6768,C
6769,A
6770,B
6771,B
6772,A
6773,A
6774,A
6775,B
6776,A
6777,C
6778,B
6779,C
6780,B
6781,C
6782,C
6783,A
6784,C
6785,C
6786,A
6787,B
6788,B
6789,C
6790,C
6791,C
6792,B
6793,A
6794,B
6795,A
6796,C
6797,B
6798,A
6799,A
6800,C
6801,C
6802,C
6803,C
6804,A
6805,C
6806,C
6807,B
6808,B
6809,A
6810,B
6811,B
6812,C
6813,B
6814,A
6815,C
6816,A
6817,B
6818,A
6819,B
6820,B
6821,C
6822,B
6823,B
6824,A
6825,B
6826,A
6827,C
6828,B
6829,C
6830,A
6831,C
6832,A
6833,C
6834,A
6835,A
6836,A
6837,B
6838,C
6839,B
6840,B
6841,A
6842,C
6843,B
6844,C
6845,B
6846,A
6847,B
6848,B
6849,C
6850,A
6851,C
6852,C
6853,C
6854,A
6855,C
6856,C
6857,A
6858,B
6859,B
6860,C
6861,B
6862,B
6863,B
6864,A
6865,A
6866,A
6867,A
6868,C
6869,A
6870,C
6871,C
6872,B
6873,B
6874,C
6875,C
6876,B
6877,C
6878,C
6879,A
6880,A
6881,B
6882,B
6883,A
6884,A
6885,C
6886,B
6887,B
6888,B
6889,B
6890,A
6891,A
6892,C
6893,A
6894,C
6895,A
6896,C
6897,B
6898,C
6899,A
6900,B
6901,C
6902,C
6903,C
6904,B
6905,B
6906,C
6907,B
6908,A
6909,B
6910,B
6911,C
6912,A
6913,A
6914,B
6915,B
6916,C
6917,C
6918,C
6919,A
6920,A
6921,B
6922,B
6923,C
6924,C
6925,B
6926,B
6927,C
6928,A
6929,A
6930,B
6931,B
6932,B
6933,B
6934,B
6935,C
6936,C
6937,C
6938,C
6939,B
6940,A
6941,A
6942,B
6943,B
6944,C
6945,B
6946,A
6947,A
6948,C
6949,C
6950,B
6951,C
6952,A
6953,C
6954,C
6955,B
6956,B
6957,A
6958,A
6959,C
6960,A
6961,C
6962,A
6963,B
6964,B
6965,C
6966,B
6967,B
6968,C
6969,C
6970,A
6971,C
6972,B
6973,A
6974,C
6975,A
6976,B
6977,C
6978,C
6979,C
6980,B
6981,B
6982,B
6983,B
6984,B
6985,B
6986,A
6987,B
6988,A
6989,A
6990,C
6991,A
6992,A
6993,C
6994,B
6995,B
6996,C
6997,C
6998,B
6999,C
7000,A
7001,B
7002,A
7003,B
7004,B
7005,A
7006,C
7007,C
7008,A
7009,C
7010,B
7011,C
7012,B
7013,C
7014,B
7015,C
7016,A
7017,A
7018,B
7019,A
7020,A
7021,C
7022,B
7023,C
7024,C
7025,A
7026,C
7027,A
7028,C
7029,C
7030,A
7031,C
7032,B
7033,A
7034,A
7035,A
7036,A
7037,C
7038,B
7039,B
7040,A
7041,B
7042,B
7043,C
7044,A
7045,C
7046,B
7047,B
7048,B
7049,B
7050,C
7051,C
7052,C
7053,C
7054,B
7055,B
7056,B
7057,A
7058,C
7059,C
7060,A
7061,C
7062,B
7063,A
7064,C
7065,B
7066,C
7067,A
7068,A
7069,C
7070,C
7071,A
7072,C
7073,A
7074,A
7075,B
7076,C
7077,B
7078,C
7079,A
7080,A
7081,C
7082,B
7083,A
7084,A
7085,C
7086,B
7087,B
7088,A
7089,C
7090,B
7091,A
7092,A
7093,B
7094,A
7095,C
7096,C
7097,B
7098,B
7099,B
7100,B
7101,C
7102,C
7103,B
7104,B
7105,C
7106,A
7107,A
7108,B
7109,C
7110,A
7111,B
7112,B
7113,B
7114,C
7115,A
7116,B
7117,A
7118,A
7119,C
7120,B
7121,A
7122,A
7123,A
7124,A
7125,A
7126,B
7127,A
7128,B
7129,B
7130,C
7131,C
7132,C
7133,A
7134,B
7135,B
7136,C
7137,C
7138,C
7139,A
7140,C
7141,B
7142,B
7143,C
7144,C
7145,B
7146,C
7147,C
7148,B
7149,C
7150,B
7151,B
7152,C
7153,C
7154,B
7155,A
7156,A
7157,C
7158,C
7159,A
7160,C
7161,A
7162,B
7163,C
7164,C
7165,A
7166,C
7167,A
7168,A
7169,B
7170,B
7171,A
7172,B
7173,A
7174,B
7175,C
7176,C
7177,C
7178,B
7179,A
7180,C
7181,A
7182,C
7183,B
7184,A
7185,A
7186,A
7187,A
7188,B
7189,C
7190,B
7191,B
7192,B
7193,C
7194,B
7195,C
7196,C
7197,A
7198,C
7199,C
7200,B
7201,A
7202,C
7203,C
7204,A
7205,C
7206,C
7207,C
7208,C
7209,B
7210,C
7211,B
7212,A
7213,A
7214,C
7215,C
7216,B
7217,A
7218,B
7219,C
7220,C
7221,A
7222,B
7223,B
7224,A
7225,A
7226,A
7227,A
7228,C
7229,A
7230,C
7231,B
7232,B
7233,C
7234,C
7235,C
7236,C
7237,C
7238,A
7239,C
7240,B
7241,B
7242,A
7243,B
7244,A
7245,B
7246,C
7247,C
7248,A
7249,C
7250,B
7251,C
7252,B
7253,A
7254,A
7255,B
7256,A
7257,C
7258,B
7259,A
7260,B
7261,B
7262,B
7263,C
7264,A
7265,B
7266,B
7267,B
7268,C
7269,C
7270,B
7271,C
7272,A
7273,A
7274,C
7275,A
7276,B
7277,A
7278,A
7279,C
7280,C
7281,A
7282,B
7283,C
7284,C
7285,C
7286,C
7287,C
7288,B
7289,B
7290,B
7291,C
7292,A
7293,B
7294,B
7295,A
7296,C
7297,A
7298,C
7299,A
7300,C
7301,B
7302,A
7303,A
7304,B
7305,B
7306,A
7307,B
7308,C
7309,B
7310,A
7311,C
7312,C
7313,B
7314,B
7315,C
7316,A
7317,B
7318,C
7319,A
7320,B
7321,C
7322,B
7323,A
7324,A
7325,A
7326,A
7327,C
7328,B
7329,B
7330,B
7331,A
7332,B
7333,B
7334,A
7335,B
7336,A
7337,C
7338,B
7339,B
7340,A
7341,B
7342,A
7343,C
7344,B
7345,C
7346,B
7347,A
7348,B
7349,B
7350,A
7351,B
7352,B
7353,C
7354,A
7355,B
7356,A
7357,B
7358,A
7359,C
7360,A
7361,B
7362,C
7363,A
7364,B
7365,A
7366,C
7367,C
7368,B
7369,C
7370,B
7371,C
7372,A
7373,C
7374,A
7375,C
7376,C
7377,C
7378,C
7379,C
7380,C
7381,A
7382,C
7383,C
7384,A
7385,A
7386,B
7387,B
7388,B
7389,B
7390,A
7391,B
7392,B
7393,C
7394,A
7395,B
7396,A
7397,A
7398,A
7399,C
7400,C
7401,C
7402,A
7403,B
7404,C
7405,B
7406,B
7407,B
7408,C
7409,A
7410,C
7411,B
7412,B
7413,B
7414,A
7415,A
7416,A
7417,A
7418,B
7419,A
7420,B
7421,A
7422,C
7423,A
7424,A
7425,B
7426,A
7427,A
7428,A
7429,B
7430,C
7431,B
7432,A
7433,B
7434,C
7435,C
7436,A
7437,B
7438,A
7439,C
7440,B
7441,B
7442,B
7443,C
7444,B
7445,C
7446,A
7447,A
7448,C
7449,A
7450,B
7451,C
7452,C
7453,C
7454,B
7455,C
7456,C
7457,A
7458,B
7459,C
7460,C
7461,C
7462,C
7463,B
7464,C
7465,C
7466,A
7467,C
7468,A
7469,C
7470,C
7471,B
7472,C
7473,C
7474,A
7475,C
7476,C
7477,C
7478,B
7479,B
7480,B
7481,C
7482,C
7483,B
7484,C
7485,B
7486,A
7487,B
7488,C
7489,B
7490,C
7491,C
7492,C
7493,B
7494,B
7495,B
7496,A
7497,B
7498,A
7499,C
7500,B
7501,C
7502,A
7503,A
7504,B
7505,A
7506,B
7507,B
7508,A
7509,A
7510,C
7511,C
7512,C
7513,C
7514,C
7515,B
7516,A
7517,B
7518,A
7519,C
7520,A
7521,B
7522,A
7523,B
7524,B
7525,C
7526,C
7527,C
7528,B
7529,C
7530,A
7531,A
7532,C
7533,C
7534,C
7535,B
7536,A
7537,B
7538,A
7539,B
7540,A
7541,B
7542,A
7543,C
7544,C
7545,C
7546,B
7547,C
7548,B
7549,A
7550,C
7551,C
7552,C
7553,B
7554,B
7555,A
7556,A
7557,C
7558,C
7559,B
7560,A
7561,C
7562,B
7563,A
7564,B
7565,B
7566,B
7567,C
7568,A
7569,C
7570,C
7571,B
7572,B
7573,C
7574,C
7575,C
7576,B
7577,C
7578,C
7579,C
7580,A
7581,B
7582,B
7583,A
7584,B
7585,B
7586,B
7587,C
7588,C
7589,C
7590,C
7591,B
7592,C
7593,C
7594,C
7595,C
7596,A
7597,C
7598,B
7599,B
7600,B
7601,C
7602,C
7603,A
7604,A
7605,C
7606,A
7607,A
7608,B
7609,C
7610,B
7611,C
7612,A
7613,B
7614,A
7615,C
7616,B
7617,A
7618,A
7619,C
7620,C
7621,A
7622,B
7623,B
7624,C
7625,B
7626,B
7627,A
7628,C
7629,C
7630,A
7631,B
7632,B
7633,B
7634,A
7635,C
7636,C
7637,A
7638,C
7639,A
7640,B
7641,A
7642,A
7643,C
7644,A
7645,A
7646,B
7647,C
7648,C
7649,B
7650,C
7651,C
7652,C
7653,A
7654,B
7655,B
7656,A
7657,B
7658,A
7659,C
7660,B
7661,A
7662,B
7663,C
7664,B
7665,B
7666,C
7667,A
7668,C
7669,B
7670,C
7671,B
7672,A
7673,B
7674,A
7675,A
7676,C
7677,C
7678,C
7679,A
7680,C
7681,B
7682,B
7683,A
7684,A
7685,B
7686,C
7687,B
7688,A
7689,C
7690,B
7691,C
7692,B
7693,A
7694,B
7695,B
7696,C
7697,A
7698,B
7699,C
7700,C
7701,C
7702,A
7703,C
7704,C
7705,C
7706,B
7707,B
7708,C
7709,C
7710,B
7711,B
7712,C
7713,B
7714,B
7715,C
7716,B
7717,C
7718,C
7719,C
7720,C
7721,A
7722,A
7723,A
7724,C
7725,B
7726,C
7727,A
7728,C
7729,A
7730,A
7731,B
7732,C
7733,A
7734,B
7735,C
7736,A
7737,C
7738,B
7739,A
7740,A
7741,A
7742,A
7743,B
7744,A
7745,A
7746,C
7747,C
7748,B
7749,B
7750,B
7751,B
7752,A
7753,A
7754,B
7755,A
7756,B
7757,C
7758,B
7759,B
7760,C
7761,C
7762,A
7763,B
7764,B
7765,A
7766,B
7767,B
7768,C
7769,C
7770,A
7771,C
7772,B
7773,B
7774,B
7775,C
7776,C
7777,A
7778,C
7779,B
7780,C
7781,B
7782,B
7783,B
7784,C
7785,B
7786,B
7787,A
7788,A
7789,A
7790,C
7791,A
7792,A
7793,A
7794,A
7795,B
7796,B
7797,C
7798,A
7799,B
7800,C
7801,B
7802,A
7803,C
7804,B
7805,A
7806,A
7807,C
7808,B
7809,C
7810,A
7811,C
7812,A
7813,A
7814,C
7815,B
7816,A
7817,B
7818,B
7819,C
7820,B
7821,C
7822,B
7823,B
7824,A
7825,A
7826,C
7827,C
7828,C
7829,B
7830,C
7831,C
7832,B
7833,B
7834,B
7835,C
7836,A
7837,A
7838,A
7839,A
7840,A
7841,B
7842,B
7843,A
7844,C
7845,B
7846,B
7847,B
7848,A
7849,A
7850,C
7851,A
7852,C
7853,A
7854,A
7855,B
7856,A
7857,C
7858,A
7859,B
7860,C
7861,C
7862,A
7863,C
7864,C
7865,A
7866,A
7867,A
7868,A
7869,C
7870,C
7871,A
7872,C
7873,B
7874,A
7875,B
7876,A
7877,A
7878,B
7879,A
7880,C
7881,B
7882,A
7883,C
7884,C
7885,A
7886,C
7887,C
7888,B
7889,B
7890,C
7891,A
7892,A
7893,A
7894,C
7895,C
7896,B
7897,B
7898,B
7899,B
7900,A
7901,A
7902,A
7903,A
7904,A
7905,A
7906,B
7907,C
7908,A
7909,C
7910,A
7911,A
7912,C
7913,C
7914,B
7915,A
7916,C
7917,A
7918,A
7919,C
7920,B
7921,B
7922,A
7923,A
7924,A
7925,B
7926,B
7927,B
7928,C
7929,C
7930,C
7931,B
7932,C
7933,C
7934,B
7935,B
7936,B
7937,C
7938,B
7939,A
7940,C
7941,C
7942,B
7943,A
7944,B
7945,C
7946,A
7947,A
7948,B
7949,B
7950,A
7951,B
7952,A
7953,C
7954,A
7955,B
7956,A
7957,C
7958,A
7959,A
7960,B
7961,A
7962,C
7963,A
7964,C
7965,C
7966,A
7967,C
7968,C
7969,B
7970,A
7971,B
7972,A
7973,A
7974,B
7975,A
7976,C
7977,C
7978,A
7979,A
7980,A
7981,C
7982,B
7983,B
7984,C
7985,B
7986,A
7987,A
7988,B
7989,A
7990,C
7991,B
7992,B
7993,B
7994,A
7995,A
7996,B
7997,B
7998,A
7999,B
8000,A
8001,B
8002,C
8003,B
8004,A
8005,C
8006,A
8007,C
8008,C
8009,A
8010,C
8011,C
8012,C
8013,C
8014,C
8015,C
8016,B
8017,A
8018,A
8019,B
8020,A
8021,B
8022,C
8023,B
8024,C
8025,C
8026,C
8027,B
8028,B
8029,A
8030,A
8031,A
8032,B
8033,A
8034,B
8035,A
8036,C
8037,A
8038,B
8039,A
8040,A
8041,A
8042,B
8043,A
8044,C
8045,B
8046,B
8047,A
8048,B
8049,B
8050,C
8051,B
8052,A
8053,C
8054,A
8055,C
8056,C
8057,A
8058,B
8059,C
8060,A
8061,B
8062,B
8063,A
8064,A
8065,B
8066,B
8067,C
8068,C
8069,B
8070,B
8071,A
8072,B
8073,B
8074,B
8075,A
8076,C
8077,A
8078,A
8079,B
8080,C
8081,C
8082,C
8083,C
8084,B
8085,B
8086,C
8087,B
8088,A
8089,A
8090,A
8091,C
8092,A
8093,A
8094,B
8095,C
8096,C
8097,C
8098,C
8099,C
8100,A
8101,B
8102,A
8103,C
8104,A
8105,C
8106,B
8107,B
8108,A
8109,A
8110,B
8111,C
8112,C
8113,C
8114,A
8115,B
8116,C
8117,B
8118,B
8119,A
8120,A
8121,B
8122,A
8123,B
8124,C
8125,A
8126,B
8127,C
8128,B
8129,C
8130,A
8131,B
8132,B
8133,B
8134,B
8135,C
8136,A
8137,B
8138,C
8139,B
8140,B
8141,C
8142,C
8143,A
8144,A
8145,C
8146,A
8147,C
8148,A
8149,B
8150,A
8151,C
8152,C
8153,C
8154,C
8155,C
8156,C
8157,A
8158,B
8159,A
8160,C
8161,B
8162,B
8163,C
8164,C
8165,B
8166,C
8167,B
8168,C
8169,A
8170,C
8171,C
8172,A
8173,C
8174,B
8175,B
8176,B
8177,A
8178,B
8179,B
8180,A
8181,A
8182,C
8183,A
8184,C
8185,C
8186,C
8187,A
8188,B
8189,B
8190,A
8191,A
8192,B
8193,B
8194,A
8195,A
8196,C
8197,C
8198,C
8199,C
8200,A
8201,C
8202,A
8203,C
8204,A
8205,B
8206,C
8207,B
8208,B
8209,B
8210,B
8211,C
8212,B
8213,A
8214,C
8215,C
8216,A
8217,C
8218,A
8219,B
8220,A
8221,B
8222,A
8223,A
8224,C
8225,C
8226,B
8227,C
8228,A
8229,A
8230,C
8231,A
8232,C
8233,C
8234,B
8235,C
8236,B
8237,A
8238,A
8239,B
8240,A
8241,B
8242,C
8243,C
8244,C
8245,A
8246,A
8247,A
8248,B
8249,B
8250,B
8251,C
8252,B
8253,C
8254,A
8255,C
8256,B
8257,C
8258,C
8259,B
8260,A
8261,C
8262,A
8263,B
8264,A
8265,A
8266,B
8267,C
8268,C
8269,A
8270,A
8271,B
8272,C
8273,B
8274,B
8275,C
8276,A
8277,A
8278,A
8279,C
8280,B
8281,B
8282,B
8283,A
8284,A
8285,B
8286,C
8287,A
8288,B
8289,C
8290,B
8291,B
8292,B
8293,B
8294,B
8295,C
8296,B
8297,B
8298,A
8299,A
8300,C
8301,C
8302,B
8303,B
8304,A
8305,C
8306,C
8307,C
8308,C
8309,B
8310,B
8311,B
8312,C
8313,A
8314,C
8315,B
8316,C
8317,C
8318,B
8319,A
8320,A
8321,B
8322,B
8323,A
8324,C
8325,C
8326,C
8327,C
8328,B
8329,C
8330,B
8331,C
8332,C
8333,A
8334,C
8335,B
8336,C
8337,A
8338,A
8339,B
8340,B
8341,A
8342,A
8343,B
8344,C
8345,B
8346,A
8347,A
8348,A
8349,C
8350,A
8351,C
8352,A
8353,C
8354,A
8355,B
8356,A
8357,B
8358,C
8359,C
8360,A
8361,C
8362,A
8363,B
8364,B
8365,B
8366,B
8367,B
8368,A
8369,B
8370,C
8371,C
8372,A
8373,B
8374,C
8375,C
8376,B
8377,B
8378,B
8379,B
8380,C
8381,A
8382,B
8383,B
8384,C
8385,A
8386,A
8387,B
8388,C
8389,C
8390,A
8391,C
8392,B
8393,A
8394,A
8395,C
8396,B
8397,B
8398,B
8399,C
8400,A
8401,A
8402,A
8403,C
8404,B
8405,B
8406,A
8407,B
8408,C
8409,B
8410,B
8411,C
8412,B
8413,C
8414,B
8415,B
8416,C
8417,B
8418,A
8419,B
8420,A
8421,B
8422,B
8423,B
8424,A
8425,B
8426,A
8427,C
8428,B
8429,A
8430,C
8431,C
8432,C
8433,C
8434,B
8435,B
8436,B
8437,C
8438,A
8439,C
8440,A
8441,A
8442,B
8443,C
8444,C
8445,B
8446,A
8447,A
8448,C
8449,C
8450,C
8451,B
8452,A
8453,C
8454,B
8455,A
8456,C
8457,B
8458,C
8459,A
8460,B
8461,B
8462,C
8463,C
8464,B
8465,C
8466,A
8467,A
8468,A
8469,C
8470,C
8471,B
8472,C
8473,A
8474,A
8475,A
8476,C
8477,B
8478,C
8479,B
8480,A
8481,A
8482,A
8483,A
8484,B
8485,A
8486,A
8487,A
8488,C
8489,C
8490,B
8491,B
8492,C
8493,A
8494,C
8495,A
8496,C
8497,A
8498,A
8499,B
8500,A
8501,C
8502,B
8503,A
8504,A
8505,C
8506,A
8507,C
8508,A
8509,C
8510,B
8511,C
8512,B
8513,A
8514,C
8515,C
8516,B
8517,A
8518,C
8519,C
8520,A
8521,B
8522,C
8523,B
8524,A
8525,C
8526,C
8527,C
8528,A
8529,C
8530,A
8531,B
8532,A
8533,C
8534,B
8535,A
8536,C
8537,B
8538,A
8539,B
8540,C
8541,A
8542,C
8543,B
8544,A
8545,C
8546,B
8547,B
8548,B
8549,A
8550,A
8551,C
8552,C
8553,C
8554,A
8555,C
8556,A
8557,B
8558,C
8559,B
8560,A
8561,B
8562,B
8563,C
8564,A
8565,B
8566,B
8567,C
8568,C
8569,A
8570,C
8571,B
8572,A
8573,A
8574,B
8575,A
8576,C
8577,A
8578,A
8579,B
8580,A
8581,B
8582,A
8583,A
8584,A
8585,A
8586,B
8587,B
8588,A
8589,A
8590,C
8591,B
8592,C
8593,C
8594,B
8595,A
8596,B
8597,A
8598,C
8599,A
8600,B
8601,B
8602,B
8603,C
8604,A
8605,A
8606,C
8607,B
8608,C
8609,C
8610,B
8611,B
8612,B
8613,B
8614,C
8615,C
8616,A
8617,C
8618,B
8619,B
8620,A
8621,B
8622,A
8623,A
8624,B
8625,B
8626,B
8627,B
8628,B
8629,B
8630,A
8631,A
8632,B
8633,A
8634,C
8635,A
8636,C
8637,C
8638,B
8639,C
8640,C
8641,B
8642,C
8643,A
8644,A
8645,B
8646,A
8647,A
8648,C
8649,A
8650,C
8651,A
8652,C
8653,A
8654,B
8655,B
8656,A
8657,C
8658,B
8659,A
8660,B
8661,B
8662,B
8663,C
8664,B
8665,B
8666,A
8667,B
8668,C
8669,A
8670,A
8671,C
8672,C
8673,B
8674,B
8675,A
8676,A
8677,A
8678,A
8679,C
8680,B
8681,A
8682,B
8683,C
8684,A
8685,B
8686,B
8687,C
8688,B
8689,B
8690,C
8691,C
8692,B
8693,C
8694,B
8695,B
8696,A
8697,A
8698,B
8699,A
8700,C
8701,C
8702,B
8703,C
8704,B
8705,C
8706,A
8707,A
8708,B
8709,B
8710,A
8711,B
8712,B
8713,A
8714,A
8715,C
8716,C
8717,C
8718,B
8719,C
8720,B
8721,B
8722,C
8723,A
8724,B
8725,A
8726,A
8727,B
8728,B
8729,A
8730,B
8731,A
8732,A
8733,B
8734,B
8735,B
8736,C
8737,C
8738,A
8739,C
8740,C
8741,A
8742,B
8743,A
8744,B
8745,C
8746,B
8747,C
8748,C
8749,C
8750,B
8751,B
8752,B
8753,C
8754,B
8755,A
8756,C
8757,A
8758,C
8759,A
8760,B
8761,B
8762,B
8763,C
8764,C
8765,A
8766,A
8767,B
8768,A
8769,A
8770,A
8771,C
8772,C
8773,A
8774,C
8775,A
8776,C
8777,B
8778,B
8779,C
8780,C
8781,B
8782,C
8783,C
8784,A
8785,A
8786,A
8787,C
8788,A
8789,C
8790,A
8791,C
8792,C
8793,C
8794,C
8795,A
8796,C
8797,A
8798,B
8799,B
8800,A
8801,A
8802,A
8803,B
8804,C
8805,B
8806,C
8807,C
8808,A
8809,B
8810,B
8811,A
8812,B
8813,A
8814,B
8815,B
8816,B
8817,C
8818,C
8819,B
8820,A
8821,C
8822,B
8823,C
8824,A
8825,C
8826,A
8827,C
8828,C
8829,A
8830,A
8831,C
8832,A
8833,C
8834,A
8835,C
8836,A
8837,B
8838,C
8839,A
8840,B
8841,C
8842,C
8843,B
8844,A
8845,A
8846,B
8847,B
8848,A
8849,C
8850,B
8851,B
8852,B
8853,C
8854,C
8855,B
8856,B
8857,A
8858,A
8859,A
8860,C
8861,C
8862,A
8863,C
8864,A
8865,B
8866,A
8867,C
8868,B
8869,A
8870,C
8871,C
8872,C
8873,B
8874,C
8875,A
8876,B
8877,B
8878,A
8879,A
8880,A
8881,C
8882,C
8883,A
8884,A
8885,A
8886,A
8887,A
8888,C
8889,B
8890,C
8891,A
8892,B
8893,B
8894,A
8895,A
8896,B
8897,A
8898,A
8899,A
8900,B
8901,A
8902,C
8903,C
8904,B
8905,C
8906,C
8907,C
8908,A
8909,C
8910,C
8911,B
8912,A
8913,A
8914,A
8915,A
8916,C
8917,A
8918,C
8919,C
8920,B
8921,B
8922,C
8923,C
8924,B
8925,B
8926,A
8927,B
8928,A
8929,A
8930,A
8931,A
8932,B
8933,C
8934,A
8935,C
8936,B
8937,C
8938,C
8939,B
8940,A
8941,A
8942,C
8943,C
8944,C
8945,C
8946,A
8947,C
8948,C
8949,B
8950,C
8951,C
8952,B
8953,A
8954,B
8955,A
8956,A
8957,A
8958,C
8959,B
8960,C
8961,B
8962,B
8963,C
8964,C
8965,C
8966,A
8967,A
8968,C
8969,C
8970,A
8971,C
8972,B
8973,C
8974,A
8975,A
8976,A
8977,B
8978,B
8979,C
8980,C
8981,B
8982,C
8983,C
8984,A
8985,C
8986,C
8987,A
8988,A
8989,B
8990,C
8991,B
8992,C
8993,A
8994,B
8995,C
8996,A
8997,A
8998,A
8999,B
9000,B
9001,B
9002,C
9003,A
9004,B
9005,A
9006,A
9007,B
9008,C
9009,A
9010,C
9011,B
9012,C
9013,A
9014,B
9015,C
9016,C
9017,C
9018,B
9019,B
9020,B
9021,A
9022,B
9023,B
9024,C
9025,A
9026,B
9027,C
9028,A
9029,B
9030,A
9031,B
9032,B
9033,C
9034,C
9035,C
9036,A
9037,A
9038,B
9039,B
9040,B
9041,C
9042,B
9043,A
9044,B
9045,C
9046,A
9047,C
9048,B
9049,A
9050,C
9051,A
9052,B
9053,A
9054,A
9055,C
9056,A
9057,B
9058,C
9059,C
9060,B
9061,B
9062,C
9063,A
9064,B
9065,B
9066,A
9067,C
9068,C
9069,B
9070,A
9071,C
9072,B
9073,C
9074,C
9075,C
9076,B
9077,C
9078,A
9079,B
9080,A
9081,A
9082,A
9083,B
9084,B
9085,C
9086,C
9087,B
9088,B
9089,C
9090,C
9091,B
9092,A
9093,C
9094,C
9095,C
9096,C
9097,A
9098,B
9099,C
9100,A
9101,A
9102,B
9103,C
9104,B
9105,C
9106,B
9107,B
9108,A
9109,B
9110,C
9111,A
9112,C
9113,A
9114,B
9115,C
9116,C
9117,C
9118,C
9119,C
9120,A
9121,A
9122,B
9123,A
9124,A
9125,A
9126,C
9127,A
9128,B
9129,A
9130,A
9131,B
9132,B
9133,A
9134,A
9135,C
9136,A
9137,A
9138,C
9139,B
9140,C
9141,B
9142,B
9143,C
9144,B
9145,B
9146,A
9147,B
9148,C
9149,B
9150,A
9151,C
9152,B
9153,A
9154,C
9155,B
9156,C
9157,C
9158,C
9159,C
9160,A
9161,B
9162,B
9163,B
9164,B
9165,B
9166,A
9167,C
9168,B
9169,C
9170,A
9171,B
9172,C
9173,C
9174,B
9175,B
9176,A
9177,B
9178,A
9179,B
9180,A
9181,A
9182,B
9183,B
9184,A
9185,C
9186,A
9187,A
9188,C
9189,A
9190,A
9191,C
9192,C
9193,C
9194,B
9195,A
9196,A
9197,C
9198,B
9199,A
9200,A
9201,C
9202,A
9203,C
9204,C
9205,C
9206,A
9207,C
9208,B
9209,B
9210,A
9211,C
9212,B
9213,B
9214,C
9215,A
9216,A
9217,A
9218,A
9219,A
9220,B
9221,C
9222,A
9223,C
9224,B
9225,A
9226,C
9227,C
9228,A
9229,C
9230,B
9231,C
9232,B
9233,A
9234,B
9235,A
9236,C
9237,C
9238,B
9239,A
9240,B
9241,A
9242,C
9243,A
9244,A
9245,C
9246,C
9247,B
9248,A
9249,C
9250,A
9251,C
9252,A
9253,C
9254,C
9255,B
9256,B
9257,B
9258,A
9259,A
9260,B
9261,C
9262,C
9263,B
9264,A
9265,A
9266,C
9267,B
9268,B
9269,C
9270,C
9271,C
9272,B
9273,A
9274,B
9275,B
9276,A
9277,C
9278,B
9279,B
9280,A
9281,C
9282,B
9283,A
9284,A
9285,B
9286,B
9287,A
9288,A
9289,A
9290,B
9291,B
9292,C
9293,C
9294,B
9295,C
9296,C
9297,A
9298,A
9299,B
9300,B
9301,C
9302,A
9303,A
9304,B
9305,A
9306,C
9307,B
9308,B
9309,B
9310,B
9311,C
9312,A
9313,C
9314,B
9315,A
9316,A
9317,C
9318,B
9319,C
9320,C
9321,B
9322,B
9323,C
9324,B
9325,A
9326,A
9327,B
9328,C
9329,C
9330,A
9331,C
9332,C
9333,C
9334,B
9335,A
9336,B
9337,C
9338,C
9339,A
9340,C
9341,C
9342,B
9343,C
9344,C
9345,C
9346,B
9347,B
9348,A
9349,A
9350,B
9351,A
9352,C
9353,C
9354,C
9355,A
9356,C
9357,C
9358,A
9359,A
9360,C
9361,A
9362,B
9363,C
9364,A
9365,A
9366,C
9367,B
9368,B
9369,B
9370,B
9371,A
9372,B
9373,A
9374,B
9375,A
9376,A
9377,C
9378,A
9379,A
9380,C
9381,A
9382,B
9383,A
9384,B
9385,B
9386,A
9387,B
9388,A
9389,B
9390,B
9391,C
9392,C
9393,B
9394,A
9395,C
9396,C
9397,B
9398,C
9399,C
9400,C
9401,B
9402,B
9403,C
9404,A
9405,A
9406,A
9407,A
9408,B
9409,A
9410,A
9411,A
9412,C
9413,A
9414,C
9415,B
9416,B
9417,C
9418,A
9419,C
9420,A
9421,C
9422,A
9423,C
9424,A
9425,B
9426,B
9427,B
9428,C
9429,C
9430,C
9431,C
9432,A
9433,A
9434,A
9435,C
9436,A
9437,C
9438,C
9439,A
9440,B
9441,B
9442,C
9443,B
9444,B
9445,B
9446,B
9447,B
9448,B
9449,C
9450,A
9451,C
9452,C
9453,B
9454,A
9455,C
9456,A
9457,A
9458,A
9459,A
9460,B
9461,A
9462,B
9463,A
9464,A
9465,B
9466,A
9467,B
9468,B
9469,A
9470,A
9471,B
9472,B
9473,B
9474,B
9475,A
9476,C
9477,B
9478,A
9479,B
9480,B
9481,B
9482,A
9483,C
9484,C
9485,C
9486,A
9487,C
9488,C
9489,C
9490,B
9491,A
9492,B
9493,C
9494,C
9495,C
9496,B
9497,A
9498,B
9499,A
9500,B
9501,B
9502,A
9503,B
9504,C
9505,B
9506,B
9507,C
9508,A
9509,A
9510,C
9511,C
9512,A
9513,A
9514,C
9515,C
9516,A
9517,A
9518,B
9519,C
9520,B
9521,B
9522,B
9523,C
9524,A
9525,C
9526,B
9527,B
9528,C
9529,B
9530,B
9531,C
9532,B
9533,A
9534,C
9535,A
9536,B
9537,C
9538,C
9539,C
9540,A
9541,B
9542,A
9543,A
9544,A
9545,B
9546,B
9547,A
9548,C
9549,B
9550,B
9551,B
9552,A
9553,A
9554,B
9555,B
9556,C
9557,B
9558,B
9559,A
9560,A
9561,C
9562,C
9563,A
9564,C
9565,A
9566,B
9567,A
9568,A
9569,A
9570,C
9571,A
9572,C
9573,B
9574,C
9575,C
9576,C
9577,C
9578,A
9579,A
9580,A
9581,B
9582,A
9583,B
9584,B
9585,C
9586,A
9587,A
9588,B
9589,A
9590,C
9591,C
9592,A
9593,C
9594,B
9595,B
9596,B
9597,C
9598,B
9599,B
9600,C
9601,C
9602,B
9603,C
9604,A
9605,C
9606,C
9607,A
9608,C
9609,B
9610,A
9611,A
9612,B
9613,A
9614,A
9615,C
9616,A
9617,C
9618,A
9619,B
9620,B
9621,A
9622,B
9623,C
9624,B
9625,C
9626,C
9627,B
9628,B
9629,B
9630,B
9631,B
9632,B
9633,A
9634,A
9635,C
9636,C
9637,A
9638,C
9639,B
9640,A
9641,A
9642,C
9643,C
9644,C
9645,C
9646,B
9647,C
9648,C
9649,B
9650,A
9651,B
9652,B
9653,C
9654,B
9655,C
9656,C
9657,C
9658,C
9659,A
9660,B
9661,C
9662,A
9663,A
9664,C
9665,C
9666,B
9667,A
9668,C
9669,B
9670,A
9671,A
9672,B
9673,B
9674,C
9675,C
9676,C
9677,B
9678,B
9679,B
9680,A
9681,B
9682,B
9683,A
9684,A
9685,B
9686,C
9687,A
9688,A
9689,B
9690,C
9691,B
9692,A
9693,C
9694,C
9695,B
9696,C
9697,A
9698,B
9699,C
9700,B
9701,A
9702,C
9703,A
9704,A
9705,C
9706,B
9707,C
9708,A
9709,C
9710,B
9711,B
9712,B
9713,C
9714,C
9715,B
9716,A
9717,A
9718,B
9719,B
9720,B
9721,B
9722,A
9723,C
9724,B
9725,B
9726,A
9727,A
9728,A
9729,B
9730,A
9731,B
9732,B
9733,A
9734,C
9735,B
9736,C
9737,B
9738,B
9739,C
9740,B
9741,C
9742,C
9743,C
9744,A
9745,B
9746,A
9747,B
9748,C
9749,A
9750,A
9751,A
9752,A
9753,B
9754,B
9755,C
9756,B
9757,B
9758,C
9759,A
9760,A
9761,B
9762,A
9763,B
9764,B
9765,B
9766,B
9767,C
9768,B
9769,C
9770,A
9771,C
9772,C
9773,A
9774,A
9775,C
9776,C
9777,C
9778,A
9779,C
9780,B
9781,A
9782,A
9783,C
9784,B
9785,C
9786,B
9787,B
9788,B
9789,A
9790,A
9791,B
9792,C
9793,C
9794,A
9795,B
9796,B
9797,C
9798,B
9799,C
9800,B
9801,A
9802,A
9803,B
9804,A
9805,A
9806,B
9807,C
9808,A
9809,B
9810,B
9811,B
9812,A
9813,C
9814,C
9815,B
9816,C
9817,C
9818,C
9819,A
9820,A
9821,C
9822,B
9823,A
9824,B
9825,A
9826,A
9827,B
9828,C
9829,C
9830,C
9831,B
9832,A
9833,B
9834,B
9835,C
9836,C
9837,C
9838,C
9839,C
9840,C
9841,C
9842,C
9843,A
9844,B
9845,C
9846,C
9847,A
9848,A
9849,A
9850,A
9851,A
9852,C
9853,A
9854,A
9855,C
9856,C
9857,C
9858,A
9859,C
9860,B
9861,C
9862,A
9863,C
9864,A
9865,C
9866,A
9867,C
9868,C
9869,C
9870,A
9871,A
9872,A
9873,A
9874,B
9875,C
9876,B
9877,C
9878,B
9879,B
9880,A
9881,B
9882,B
9883,C
9884,A
9885,C
9886,C
9887,C
9888,A
9889,C
9890,B
9891,B
9892,A
9893,A
9894,C
9895,B
9896,C
9897,B
9898,B
9899,A
9900,C
9901,B
9902,B
9903,A
9904,A
9905,B
9906,A
9907,C
9908,A
9909,C
9910,B
9911,B
9912,A
9913,A
9914,C
9915,B
9916,A
9917,C
9918,B
9919,C
9920,C
9921,A
9922,C
9923,C
9924,C
9925,A
9926,B
9927,B
9928,A
9929,C
9930,B
9931,B
9932,A
9933,A
9934,B
9935,B
9936,A
9937,B
9938,A
9939,B
9940,B
9941,B
9942,B
9943,B
9944,B
9945,B
9946,B
9947,C
9948,C
9949,C
9950,C
9951,A
9952,A
9953,B
9954,B
9955,C
9956,B
9957,C
9958,C
9959,A
9960,C
9961,C
9962,A
9963,C
9964,A
9965,A
9966,B
9967,B
9968,B
9969,C
9970,B
9971,B
9972,A
9973,B
9974,B
9975,C
9976,A
9977,A
9978,B
9979,A
9980,B
9981,B
9982,B
9983,C
9984,B
9985,B
9986,C
9987,C
9988,B
9989,B
9990,A
9991,C
9992,B
9993,A
9994,B
9995,C
9996,B
9997,A
9998,C
9999,C
